jd,filter,fnu,efnu,flam,eflam,mag,emag,corrmag,date,wave,Llambda,Llambda_unc,mjd,tmax_of,absmag,eabsmag,redshift
2459708.87,g',0.00014579,-5.36E-06,1.90E-16,-6.98E-18,18.49074294,0.040674625,18.49074294,2022 5 9,4800,4.77E+38,-1.75E+37,59708.37005,33.3700523,-17.31599065,0.040674625,0.033
2459708.873,r',0.000206964,-5.95E-06,1.56E-16,-4.50E-18,18.11032648,0.031668404,18.11032648,2022 5 9,6300,3.93E+38,-1.13E+37,59708.37276,33.3727581,-17.6964071,0.031668404,0.033
2459708.876,i',0.000207908,-6.66E-06,1.03E-16,-3.28E-18,18.10538923,0.035342668,18.10538923,2022 5 9,7800,2.58E+38,-8.25E+36,59708.3755,33.3755021,-17.70134436,0.035342668,0.033
2459711.518,z',0.000169054,-1.27E-05,6.08E-17,-4.58E-18,18.33,0.085,18.33,2022 5 12,9134,1.53E+38,-1.15E+37,59711.01834,36.018342,-17.47673359,0.085,0.033
2459711.517,i',0.0002101,-1.44E-05,1.04E-16,-7.09E-18,18.094,0.077,18.094,2022 5 12,7800,2.60E+38,-1.78E+37,59711.01729,36.017293,-17.71273359,0.077,0.033
2459711.516,r',0.000221833,-1.06E-05,1.68E-16,-7.99E-18,18.035,0.053,18.035,2022 5 12,6300,4.21E+38,-2.01E+37,59711.01625,36.016249,-17.77173359,0.053,0.033
2459711.515,g',0.000184173,-6.17E-06,2.40E-16,-8.03E-18,18.237,0.037,18.237,2022 5 12,4800,6.02E+38,-2.02E+37,59711.01518,36.015182,-17.56973359,0.037,0.033
2459708.391,z',0.000145354,-1.29E-05,5.23E-17,-4.64E-18,18.494,0.101,18.494,2022 5 9,9134,1.31E+38,-1.17E+37,59707.89132,32.891316,-17.31273359,0.101,0.033
2459708.39,i',0.000165816,-1.08E-05,8.18E-17,-5.32E-18,18.351,0.073,18.351,2022 5 9,7800,2.05E+38,-1.34E+37,59707.89027,32.890265,-17.45573359,0.073,0.033
2459708.389,r',0.000179154,-9.01E-06,1.35E-16,-6.81E-18,18.267,0.056,18.267,2022 5 9,6300,3.40E+38,-1.71E+37,59707.88923,32.889231,-17.53973359,0.056,0.033
2459708.388,g',0.000143096,-4.28E-06,1.86E-16,-5.58E-18,18.511,0.033,18.511,2022 5 9,4800,4.68E+38,-1.40E+37,59707.88816,32.888163,-17.29573359,0.033,0.033
2459713.729,r',0.000251184,-9.76E-06,1.90E-16,-7.37E-18,17.90008423,0.043011039,17.90008423,2022 5 14,6300,4.77E+38,-1.85E+37,59713.22898,38.2289826,-17.90664936,0.043011039,0.033
2459713.761,g',0.000188588,-1.32E-05,2.46E-16,-1.72E-17,18.21128272,0.078611449,18.21128272,2022 5 14,4800,6.17E+38,-4.31E+37,59713.26135,38.2613512,-17.59545087,0.078611449,0.033
2459713.764,r',0.000251212,-7.50E-06,1.90E-16,-5.67E-18,17.8999656,0.03290583,17.8999656,2022 5 14,6300,4.77E+38,-1.42E+37,59713.26406,38.2640609,-17.90676799,0.03290583,0.033
2459713.767,i',0.000242348,-8.53E-06,1.20E-16,-4.20E-18,17.93896508,0.038892774,17.93896508,2022 5 14,7800,3.00E+38,-1.06E+37,59713.26679,38.2667887,-17.86776851,0.038892774,0.033
2459719.428,r',0.000194548,-1.11E-05,1.47E-16,-8.39E-18,18.17749934,0.063815221,18.17749934,2022 5 20,6300,3.69E+38,-2.11E+37,59718.92817,43.928171,-17.62923424,0.063815221,0.033
2459719.43,z',0.000161442,-1.21E-05,5.81E-17,-4.36E-18,18.38002691,0.084816695,18.38002691,2022 5 20,9134,1.46E+38,-1.10E+37,59718.93026,43.930261,-17.42670667,0.084816695,0.033
2459719.429,i',0.000196569,-1.12E-05,9.69E-17,-5.53E-18,18.16627984,0.063819352,18.16627984,2022 5 20,7800,2.44E+38,-1.39E+37,59718.92922,43.929215,-17.64045375,0.063819352,0.033
2459719.427,g',0.000135202,-3.91E-06,1.76E-16,-5.09E-18,18.5726076,0.031843482,18.5726076,2022 5 20,4800,4.42E+38,-1.28E+37,59718.9271,43.927101,-17.23412599,0.031843482,0.033
2459720.88,r',0.000187209,-1.45E-05,1.42E-16,-1.09E-17,18.21924968,0.087273651,18.21924968,2022 5 21,6300,3.55E+38,-2.75E+37,59720.3802,45.3802,-17.58748391,0.087273651,0.033
2459720.881,i',0.000168752,-1.44E-05,8.32E-17,-7.11E-18,18.33194155,0.096997106,18.33194155,2022 5 21,7800,2.09E+38,-1.79E+37,59720.381,45.381,-17.47479203,0.096997106,0.033
2459721.878,r',0.000154479,-1.37E-05,1.17E-16,-1.04E-17,18.42789337,0.10107007,18.42789337,2022 5 22,6300,2.93E+38,-2.61E+37,59721.3776,46.3776,-17.37884021,0.10107007,0.033
2459721.879,i',0.000192444,-1.66E-05,9.49E-17,-8.18E-18,18.18930207,0.097892457,18.18930207,2022 5 22,7800,2.38E+38,-2.06E+37,59721.3785,46.3785,-17.61743151,0.097892457,0.033
2459722.876,r',0.000159289,-9.97E-06,1.20E-16,-7.53E-18,18.39459813,0.070161871,18.39459813,2022 5 23,6300,3.02E+38,-1.89E+37,59722.3763,47.3763,-17.41213546,0.070161871,0.033
2459722.877,i',0.000155373,-2.07E-05,7.66E-17,-1.02E-17,18.42162686,0.154919468,18.42162686,2022 5 23,7800,1.92E+38,-2.56E+37,59722.3772,47.3772,-17.38510672,0.154919468,0.033
2459723.871,i',0.000164458,-1.94E-05,8.11E-17,-9.57E-18,18.35993061,0.136406466,18.35993061,2022 5 24,7800,2.04E+38,-2.41E+37,59723.3712,48.3712,-17.44680297,0.136406466,0.033
2459723.87,r',0.000149073,-1.08E-05,1.13E-16,-8.20E-18,18.46656609,0.082009762,18.46656609,2022 5 24,6300,2.83E+38,-2.06E+37,59723.3703,48.3703,-17.3401675,0.082009762,0.033
2459737.417,i',7.40E-05,-5.52E-06,3.65E-17,-2.72E-18,19.22768147,0.084174706,19.22768147,2022 6 7,7800,9.16E+37,-6.83E+36,59736.91715,61.917146,-16.57905212,0.084174706,0.033
2459737.415,g',1.66E-05,-2.89E-06,2.16E-17,-3.76E-18,20.84905257,0.207232244,20.84905257,2022 6 7,4800,5.43E+37,-9.44E+36,59736.91505,61.915054,-14.95768102,0.207232244,0.033
2459737.418,z',6.23E-05,-8.56E-06,2.24E-17,-3.08E-18,19.4137994,0.160540333,19.4137994,2022 6 7,9134,5.63E+37,-7.74E+36,59736.9182,61.918198,-16.39293419,0.160540333,0.033
2459737.416,r',5.29E-05,-3.73E-06,4.00E-17,-2.82E-18,19.59154086,0.079367042,19.59154086,2022 6 7,6300,1.00E+38,-7.08E+36,59736.91611,61.916112,-16.21519272,0.079367042,0.033
2459719.715,g',0.000124803,-6.00E-06,1.63E-16,-7.81E-18,18.65950178,0.05349956,18.65950178,2022 5 20,4800,4.08E+38,-1.96E+37,59719.21469,44.2146938,-17.14723181,0.05349956,0.033
2459727.728,g',5.96E-05,-3.29E-06,7.76E-17,-4.29E-18,19.46237311,0.061746427,19.46237311,2022 5 28,4800,1.95E+38,-1.08E+37,59727.22833,52.2283345,-16.34436047,0.061746427,0.033
2459730.884,g',5.13E-05,-2.33E-06,6.68E-17,-3.03E-18,19.62543368,0.050503384,19.62543368,2022 5 31,4800,1.68E+38,-7.62E+36,59730.38442,55.3844242,-16.1812999,0.050503384,0.033
2459734.838,g',3.45E-05,-2.01E-06,4.49E-17,-2.61E-18,20.05658356,0.065181913,20.05658356,2022 6 4,4800,1.13E+38,-6.57E+36,59734.33776,59.3377596,-15.75015003,0.065181913,0.033
2459719.72,i',0.000241073,-5.99E-06,1.19E-16,-2.95E-18,17.94469619,0.027297489,17.94469619,2022 5 20,7800,2.99E+38,-7.41E+36,59719.22013,44.2201256,-17.8620374,0.027297489,0.033
2459727.734,i',0.000176527,-5.88E-06,8.70E-17,-2.90E-18,18.2830374,0.036798453,18.2830374,2022 5 28,7800,2.19E+38,-7.29E+36,59727.23377,52.2337727,-17.52369619,0.036798453,0.033
2459730.89,i',0.000155515,-4.96E-06,7.67E-17,-2.45E-18,18.42063195,0.035197152,18.42063195,2022 5 31,7800,1.93E+38,-6.15E+36,59730.38986,55.3898554,-17.38610164,0.035197152,0.033
2459734.843,i',0.00011085,-3.96E-06,5.47E-17,-1.95E-18,18.788227,0.039482007,18.788227,2022 6 4,7800,1.37E+38,-4.90E+36,59734.3432,59.3431976,-17.01850659,0.039482007,0.033
2459718.906,r',0.000215947,-9.79E-06,1.63E-16,-7.40E-18,18.0641971,0.050383165,18.0641971,2022 5 19,6300,4.10E+38,-1.86E+37,59718.40584,43.4058436,-17.74253648,0.050383165,0.033
2459719.682,r',0.000212195,-1.40E-05,1.60E-16,-1.06E-17,18.08323031,0.074030176,18.08323031,2022 5 20,6300,4.03E+38,-2.66E+37,59719.18233,44.1823321,-17.72350328,0.074030176,0.033
2459719.717,r',0.000207797,-4.62E-06,1.57E-16,-3.49E-18,18.1059677,0.024398381,18.1059677,2022 5 20,6300,3.95E+38,-8.77E+36,59719.2174,44.2173984,-17.70076589,0.024398381,0.033
2459727.696,r',0.000132624,-8.78E-06,1.00E-16,-6.64E-18,18.5935115,0.074376811,18.5935115,2022 5 28,6300,2.52E+38,-1.67E+37,59727.19599,52.1959851,-17.21322208,0.074376811,0.033
2459727.731,r',0.000152523,-4.66E-06,1.15E-16,-3.52E-18,18.44172524,0.033701096,18.44172524,2022 5 28,6300,2.90E+38,-8.85E+36,59727.23104,52.2310448,-17.36500835,0.033701096,0.033
2459730.852,r',0.000101896,-5.65E-06,7.70E-17,-4.27E-18,18.87967197,0.061984035,18.87967197,2022 5 31,6300,1.93E+38,-1.07E+37,59730.35207,55.3520748,-16.92706162,0.061984035,0.033
2459730.887,r',0.000107407,-3.46E-06,8.12E-17,-2.62E-18,18.82248495,0.035595972,18.82248495,2022 5 31,6300,2.04E+38,-6.58E+36,59730.38713,55.3871293,-16.98424864,0.035595972,0.033
2459734.805,r',7.50E-05,-8.43E-06,5.67E-17,-6.37E-18,19.21279262,0.129442884,19.21279262,2022 6 4,6300,1.42E+38,-1.60E+37,59734.3054,59.3054036,-16.59394097,0.129442884,0.033
2459734.84,r',7.76E-05,-2.57E-06,5.86E-17,-1.94E-18,19.1757573,0.036558809,19.1757573,2022 6 4,6300,1.47E+38,-4.88E+36,59734.34047,59.3404701,-16.63097629,0.036558809,0.033
2459741.747,i',6.64E-05,-3.96E-06,3.27E-17,-1.95E-18,19.34494694,0.066771572,19.34494694,2022 6 11,7800,8.22E+37,-4.90E+36,59741.24663,66.2466346,-16.46178664,0.066771572,0.033
2459741.744,r',5.37E-05,-2.88E-06,4.06E-17,-2.18E-18,19.57592384,0.059846517,19.57592384,2022 6 11,6300,1.02E+38,-5.46E+36,59741.24391,66.2439071,-16.23080975,0.059846517,0.033
2459746.419,r',2.54E-05,-3.67E-06,1.92E-17,-2.78E-18,20.38920403,0.169846093,20.38920403,2022 6 16,6300,4.82E+37,-6.98E+36,59745.91944,70.91944,-15.41752955,0.169846093,0.033
2459746.418,g',1.16E-05,-3.77E-06,1.51E-17,-4.91E-18,21.23607942,0.425739415,21.23607942,2022 6 16,4800,3.80E+37,-1.23E+37,59745.91838,70.918379,-14.57065417,0.425739415,0.033
2459746.422,z',4.94E-05,-7.22E-06,1.78E-17,-2.59E-18,19.665259,0.171362758,19.665259,2022 6 16,9134,4.46E+37,-6.52E+36,59745.92152,70.921518,-16.14147458,0.171362758,0.033
2459746.42,i',4.31E-05,-4.22E-06,2.13E-17,-2.08E-18,19.81392824,0.11182821,19.81392824,2022 6 16,7800,5.34E+37,-5.23E+36,59745.92048,70.920475,-15.99280535,0.11182821,0.033
2459748.838,g',1.32E-05,-1.72E-06,1.72E-17,-2.24E-18,21.09588414,0.150861637,21.09588414,2022 6 18,4800,4.33E+37,-5.62E+36,59748.33767,73.3376737,-14.71084945,0.150861637,0.033
2459748.841,i',5.21E-05,-2.78E-06,2.57E-17,-1.37E-18,19.60858391,0.05950786,19.60858391,2022 6 18,7800,6.45E+37,-3.44E+36,59748.34104,73.341041,-16.19814968,0.05950786,0.033
2459759.438,i',2.47E-05,-2.51E-06,1.22E-17,-1.24E-18,20.41780035,0.116161903,20.41780035,2022 6 29,7800,3.06E+37,-3.11E+36,59758.93772,83.937722,-15.38893324,0.116161903,0.033
2459759.435,g',3.45E-06,-1.10E-06,4.50E-18,-1.44E-18,22.55450386,0.417808657,22.55450386,2022 6 29,4800,1.13E+37,-3.61E+36,59758.93467,83.934674,-13.25222972,0.417808657,0.033
2459759.439,z',3.78E-05,-5.07E-06,1.36E-17,-1.82E-18,19.95680981,0.156272551,19.95680981,2022 6 29,9134,3.41E+37,-4.58E+36,59758.93877,83.938767,-15.84992377,0.156272551,0.033
2459759.436,g',3.44E-06,-1.14E-06,4.49E-18,-1.48E-18,22.55718168,0.43436883,22.55718168,2022 6 29,4800,1.13E+37,-3.72E+36,59758.93559,83.935585,-13.24955191,0.43436883,0.033
2459759.437,r',1.69E-05,-1.67E-06,1.28E-17,-1.26E-18,20.82838323,0.112714458,20.82838323,2022 6 29,6300,3.21E+37,-3.17E+36,59758.93668,83.936675,-14.97835036,0.112714458,0.033
2459775.709,r',2.32E-05,-3.66E-06,1.75E-17,-2.77E-18,20.48664497,0.186423285,20.48664497,2022 7 15,6300,4.40E+37,-6.95E+36,59775.20912,100.2091204,-15.32008861,0.186423285,0.033
2459785.418,i',1.44E-05,-3.07E-06,7.11E-18,-1.51E-18,21.00300404,0.260083406,21.00300404,2022 7 25,7800,1.79E+37,-3.80E+36,59784.9176,109.917599,-14.80372954,0.260083406,0.033
2459785.419,z',3.07E-05,-6.45E-06,1.10E-17,-2.32E-18,20.18387138,0.256398065,20.18387138,2022 7 25,9134,2.77E+37,-5.82E+36,59784.91865,109.918647,-15.62286221,0.256398065,0.033
2459785.415,g',7.43E-06,-1.89E-06,9.67E-18,-2.46E-18,21.7230723,0.317979842,21.7230723,2022 7 25,4800,2.43E+37,-6.17E+36,59784.91547,109.915471,-14.08366129,0.317979842,0.033
2458219.807,r,2.26E-05,-5.96E-06,1.71E-17,-4.51E-18,20.51284909,0.331960515,20.51284909,2018 4 11,6300,4.30E+37,-1.13E+37,58219.30705,-1455.692951,-15.29388449,0.331960515,0.033
2458284.768,g,6.51E-06,-1.80E-06,8.47E-18,-2.34E-18,21.86641491,0.351337989,21.86641491,2018 6 15,4800,2.13E+37,-5.89E+36,58284.26795,-1390.732049,-13.94031868,0.351337989,0.033
2458899.987,r,8.08E-06,-2.25E-06,6.11E-18,-1.70E-18,21.63136073,0.353623766,21.63136073,2020 2 20,6300,1.53E+37,-4.27E+36,58899.48699,-775.5130093,-14.17537286,0.353623766,0.033
2459323.873,r,8.76E-06,-2.42E-06,6.62E-18,-1.83E-18,21.54355792,0.351143315,21.54355792,2021 4 19,6300,1.66E+37,-4.60E+36,59323.37309,-351.6269097,-14.26317567,0.351143315,0.033
2459386.801,g,2.39E-05,-5.45E-06,3.11E-17,-7.09E-18,20.45347551,0.280602117,20.45347551,2021 6 21,4800,7.82E+37,-1.78E+37,59386.30057,-288.6994329,-15.35325808,0.280602117,0.033
2459672.82,g,7.60E-06,-1.64E-06,9.89E-18,-2.13E-18,21.6987157,0.263625897,21.6987157,2022 4 3,4800,2.48E+37,-5.36E+36,59672.32013,-2.6798727,-14.10801788,0.263625897,0.033
2459675.722,r,1.55E-05,-3.57E-06,1.17E-17,-2.70E-18,20.92709905,0.28492586,20.92709905,2022 4 6,6300,2.94E+37,-6.78E+36,59675.22206,0.2220602,-14.87963454,0.28492586,0.033
2459675.723,r,1.30E-05,-3.47E-06,9.82E-18,-2.62E-18,21.11588646,0.337536351,21.11588646,2022 4 6,6300,2.47E+37,-6.59E+36,59675.22301,0.2230093,-14.69084712,0.337536351,0.033
2459675.844,r,2.10E-05,-2.29E-06,1.59E-17,-1.73E-18,20.59503538,0.12569293,20.59503538,2022 4 6,6300,3.99E+37,-4.36E+36,59675.34402,0.3440162,-15.21169821,0.12569293,0.033
2459675.866,g,1.21E-05,-1.98E-06,1.58E-17,-2.57E-18,21.18909517,0.19272318,21.18909517,2022 4 6,4800,3.97E+37,-6.46E+36,59675.36554,0.365544,-14.61763841,0.19272318,0.033
2459675.882,g,1.51E-05,-2.55E-06,1.97E-17,-3.32E-18,20.95149654,0.200878704,20.95149654,2022 4 6,4800,4.94E+37,-8.35E+36,59675.38241,0.3824074,-14.85523705,0.200878704,0.033
2459676.8,g,1.73E-05,-3.57E-06,2.26E-17,-4.65E-18,20.80254288,0.250668583,20.80254288,2022 4 7,4800,5.67E+37,-1.17E+37,59676.30007,1.3000694,-15.00419071,0.250668583,0.033
2459676.951,r,2.17E-05,-5.33E-06,1.64E-17,-4.03E-18,20.56025729,0.306275294,20.56025729,2022 4 7,6300,4.12E+37,-1.01E+37,59676.4513,1.4512963,-15.24647629,0.306275294,0.033
2459676.985,r,3.27E-05,-5.62E-06,2.48E-17,-4.25E-18,20.11212619,0.204360309,20.11212619,2022 4 7,6300,6.22E+37,-1.07E+37,59676.48479,1.4847917,-15.6946074,0.204360309,0.033
2459677.788,i,1.97E-05,-4.83E-06,9.70E-18,-2.38E-18,20.66568934,0.306167922,20.66568934,2022 4 8,7800,2.44E+37,-5.99E+36,59677.28757,2.2875694,-15.14104424,0.306167922,0.033
2459677.81,g,1.75E-05,-3.65E-06,2.28E-17,-4.75E-18,20.79179768,0.253779021,20.79179768,2022 4 8,4800,5.73E+37,-1.19E+37,59677.3102,2.3101968,-15.0149359,0.253779021,0.033
2459677.823,g,2.17E-05,-3.96E-06,2.82E-17,-5.16E-18,20.55947234,0.219041294,20.55947234,2022 4 8,4800,7.09E+37,-1.30E+37,59677.323,2.3229977,-15.24726125,0.219041294,0.033
2459677.823,g,2.36E-05,-3.23E-06,3.08E-17,-4.20E-18,20.46650251,0.159399191,20.46650251,2022 4 8,4800,7.73E+37,-1.06E+37,59677.32348,2.3234838,-15.34023107,0.159399191,0.033
2459677.845,g,1.56E-05,-3.25E-06,2.03E-17,-4.23E-18,20.92004968,0.254547212,20.92004968,2022 4 8,4800,5.09E+37,-1.06E+37,59677.34509,2.3450926,-14.88668391,0.254547212,0.033
2459677.874,r,2.50E-05,-3.25E-06,1.89E-17,-2.45E-18,20.40455553,0.150904775,20.40455553,2022 4 8,6300,4.75E+37,-6.16E+36,59677.37406,2.3740625,-15.40217805,0.150904775,0.033
2459677.886,r,2.54E-05,-3.47E-06,1.92E-17,-2.62E-18,20.38895006,0.159450291,20.38895006,2022 4 8,6300,4.82E+37,-6.58E+36,59677.38605,2.3860532,-15.41778352,0.159450291,0.033
2459677.913,r,2.44E-05,-3.33E-06,1.85E-17,-2.52E-18,20.42991832,0.158977362,20.42991832,2022 4 8,6300,4.64E+37,-6.32E+36,59677.41282,2.4128241,-15.37681526,0.158977362,0.033
2459678.832,g,3.33E-05,-3.33E-06,4.34E-17,-4.34E-18,20.09324729,0.114440144,20.09324729,2022 4 9,4800,1.09E+38,-1.09E+37,59678.33225,3.3322454,-15.7134863,0.114440144,0.033
2459678.891,r,3.81E-05,-3.61E-06,2.88E-17,-2.73E-18,19.94704339,0.107874893,19.94704339,2022 4 9,6300,7.24E+37,-6.85E+36,59678.39069,3.3906944,-15.8596902,0.107874893,0.033
2459678.971,r,3.15E-05,-3.67E-06,2.38E-17,-2.78E-18,20.15308844,0.134392249,20.15308844,2022 4 9,6300,5.99E+37,-6.97E+36,59678.4708,3.4707986,-15.65364514,0.134392249,0.033
2459678.985,g,3.50E-05,-3.42E-06,4.55E-17,-4.45E-18,20.04053886,0.111744166,20.04053886,2022 4 9,4800,1.14E+38,-1.12E+37,59678.48508,3.485081,-15.76619473,0.111744166,0.033
2459679.716,r,4.25E-05,-4.65E-06,3.21E-17,-3.51E-18,19.82966933,0.125769591,19.82966933,2022 4 10,6300,8.07E+37,-8.82E+36,59679.2158,4.2157986,-15.97706426,0.125769591,0.033
2459679.738,r,4.21E-05,-4.84E-06,3.18E-17,-3.66E-18,19.83947924,0.1326553,19.83947924,2022 4 10,6300,7.99E+37,-9.19E+36,59679.23773,4.2377315,-15.96725435,0.1326553,0.033
2459679.738,r,4.56E-05,-4.06E-06,3.45E-17,-3.07E-18,19.75259,0.101131391,19.75259,2022 4 10,6300,8.66E+37,-7.70E+36,59679.23821,4.238206,-16.05414358,0.101131391,0.033
2459679.779,g,3.84E-05,-3.94E-06,5.00E-17,-5.13E-18,19.94029513,0.117652843,19.94029513,2022 4 10,4800,1.25E+38,-1.29E+37,59679.2787,4.2787037,-15.86643846,0.117652843,0.033
2459679.789,g,4.19E-05,-4.15E-06,5.46E-17,-5.40E-18,19.843249,0.11302067,19.843249,2022 4 10,4800,1.37E+38,-1.36E+37,59679.28947,4.2894676,-15.96348459,0.11302067,0.033
2459679.801,g,3.55E-05,-3.40E-06,4.62E-17,-4.43E-18,20.02398282,0.109338049,20.02398282,2022 4 10,4800,1.16E+38,-1.11E+37,59679.30148,4.3014815,-15.78275077,0.109338049,0.033
2459679.819,g,3.99E-05,-3.79E-06,5.19E-17,-4.93E-18,19.89893251,0.108415321,19.89893251,2022 4 10,4800,1.30E+38,-1.24E+37,59679.3192,4.3192014,-15.90780107,0.108415321,0.033
2459679.896,r,3.95E-05,-3.73E-06,2.98E-17,-2.82E-18,19.90881559,0.107776069,19.90881559,2022 4 10,6300,7.50E+37,-7.09E+36,59679.39612,4.3961227,-15.897918,0.107776069,0.033
2459680.776,i,4.38E-05,-7.71E-06,2.16E-17,-3.80E-18,19.79533294,0.209901064,19.79533294,2022 4 11,7800,5.43E+37,-9.55E+36,59680.27578,5.2757755,-16.01140065,0.209901064,0.033
2459680.844,r,5.04E-05,-5.29E-06,3.81E-17,-4.00E-18,19.64506308,0.120620265,19.64506308,2022 4 11,6300,9.56E+37,-1.01E+37,59680.34356,5.3435648,-16.16167051,0.120620265,0.033
2459680.844,r,4.56E-05,-4.99E-06,3.45E-17,-3.77E-18,19.75212296,0.125631487,19.75212296,2022 4 11,6300,8.66E+37,-9.47E+36,59680.34404,5.3440394,-16.05461063,0.125631487,0.033
2459682.695,g,6.12E-05,-9.28E-06,7.97E-17,-1.21E-17,19.43239442,0.178306804,19.43239442,2022 4 13,4800,2.00E+38,-3.03E+37,59682.19545,7.1954514,-16.37433917,0.178306804,0.033
2459682.722,g,5.03E-05,-6.46E-06,6.55E-17,-8.41E-18,19.64611345,0.149179187,19.64611345,2022 4 13,4800,1.65E+38,-2.11E+37,59682.22243,7.2224306,-16.16062013,0.149179187,0.033
2459682.723,g,5.22E-05,-8.02E-06,6.79E-17,-1.04E-17,19.60634765,0.18129838,19.60634765,2022 4 13,4800,1.71E+38,-2.62E+37,59682.22291,7.2229051,-16.20038594,0.18129838,0.033
2459682.769,i,3.07E-05,-8.66E-06,1.51E-17,-4.27E-18,20.18282595,0.360113823,20.18282595,2022 4 13,7800,3.80E+37,-1.07E+37,59682.26858,7.2685764,-15.62390764,0.360113823,0.033
2459682.78,r,6.61E-05,-6.43E-06,5.00E-17,-4.86E-18,19.34932261,0.111013696,19.34932261,2022 4 13,6300,1.26E+38,-1.22E+37,59682.27953,7.2795255,-16.45741097,0.111013696,0.033
2459682.78,r,5.59E-05,-4.78E-06,4.22E-17,-3.61E-18,19.5324462,0.097121993,19.5324462,2022 4 13,6300,1.06E+38,-9.08E+36,59682.2805,7.2804977,-16.27428739,0.097121993,0.033
2459682.849,r,5.80E-05,-5.43E-06,4.38E-17,-4.11E-18,19.49189777,0.106805299,19.49189777,2022 4 13,6300,1.10E+38,-1.03E+37,59682.34868,7.3486806,-16.31483582,0.106805299,0.033
2459682.85,r,5.28E-05,-5.90E-06,3.99E-17,-4.46E-18,19.59378916,0.12866021,19.59378916,2022 4 13,6300,1.00E+38,-1.12E+37,59682.34964,7.3496412,-16.21294442,0.12866021,0.033
2459682.864,r,4.51E-05,-6.17E-06,3.41E-17,-4.66E-18,19.763823,0.159578613,19.763823,2022 4 13,6300,8.57E+37,-1.17E+37,59682.36404,7.3640394,-16.04291059,0.159578613,0.033
2459682.867,r,5.86E-05,-5.50E-06,4.43E-17,-4.16E-18,19.48030245,0.10710183,19.48030245,2022 4 13,6300,1.11E+38,-1.05E+37,59682.36692,7.3669213,-16.32643114,0.10710183,0.033
2459682.904,g,5.69E-05,-6.65E-06,7.41E-17,-8.65E-18,19.51226226,0.134870909,19.51226226,2022 4 13,4800,1.86E+38,-2.17E+37,59682.40405,7.4040509,-16.29447133,0.134870909,0.033
2459682.908,g,5.20E-05,-6.16E-06,6.76E-17,-8.02E-18,19.61107753,0.137000226,19.61107753,2022 4 13,4800,1.70E+38,-2.01E+37,59682.40785,7.4078472,-16.19565606,0.137000226,0.033
2459683.749,r,6.04E-05,-5.40E-06,4.57E-17,-4.08E-18,19.44706285,0.101573988,19.44706285,2022 4 14,6300,1.15E+38,-1.02E+37,59683.24931,8.2493056,-16.35967073,0.101573988,0.033
2459683.75,r,6.13E-05,-6.28E-06,4.64E-17,-4.74E-18,19.43065722,0.117211795,19.43065722,2022 4 14,6300,1.16E+38,-1.19E+37,59683.24978,8.2497801,-16.37607637,0.117211795,0.033
2459683.758,g,6.33E-05,-8.04E-06,8.24E-17,-1.05E-17,19.39649701,0.147440366,19.39649701,2022 4 14,4800,2.07E+38,-2.63E+37,59683.25787,8.2578704,-16.41023657,0.147440366,0.033
2459683.791,g,5.78E-05,-6.74E-06,7.53E-17,-8.77E-18,19.49525148,0.134522147,19.49525148,2022 4 14,4800,1.89E+38,-2.20E+37,59683.29097,8.2909722,-16.31148211,0.134522147,0.033
2459683.829,i,5.43E-05,-7.83E-06,2.68E-17,-3.86E-18,19.56385471,0.169123288,19.56385471,2022 4 14,7800,6.72E+37,-9.70E+36,59683.32854,8.3285417,-16.24287888,0.169123288,0.033
2459683.912,r,6.86E-05,-4.82E-06,5.19E-17,-3.64E-18,19.30883853,0.07904887,19.30883853,2022 4 14,6300,1.30E+38,-9.15E+36,59683.41212,8.4121181,-16.49789506,0.07904887,0.033
2459683.979,g,5.95E-05,-5.28E-06,7.74E-17,-6.88E-18,19.46432529,0.100975348,19.46432529,2022 4 14,4800,1.95E+38,-1.73E+37,59683.47917,8.4791667,-16.3424083,0.100975348,0.033
2459684.74,r,6.89E-05,-8.78E-06,5.20E-17,-6.64E-18,19.30520555,0.148167917,19.30520555,2022 4 15,6300,1.31E+38,-1.67E+37,59684.24016,9.240162,-16.50152804,0.148167917,0.033
2459684.758,g,6.00E-05,-1.04E-05,7.82E-17,-1.36E-17,19.45400152,0.207072073,19.45400152,2022 4 15,4800,1.96E+38,-3.41E+37,59684.25822,9.2582176,-16.35273206,0.207072073,0.033
2459684.788,g,6.58E-05,-7.69E-06,8.57E-17,-1.00E-17,19.35433384,0.134989595,19.35433384,2022 4 15,4800,2.15E+38,-2.52E+37,59684.28788,9.2878819,-16.45239974,0.134989595,0.033
2459684.805,g,6.31E-05,-9.78E-06,8.21E-17,-1.27E-17,19.40060806,0.183044198,19.40060806,2022 4 15,4800,2.06E+38,-3.20E+37,59684.30493,9.3049306,-16.40612552,0.183044198,0.033
2459684.805,g,6.08E-05,-8.08E-06,7.91E-17,-1.05E-17,19.44074973,0.154817492,19.44074973,2022 4 15,4800,1.99E+38,-2.64E+37,59684.30539,9.3053935,-16.36598385,0.154817492,0.033
2459684.83,r,6.94E-05,-5.57E-06,5.25E-17,-4.21E-18,19.29627318,0.090786696,19.29627318,2022 4 15,6300,1.32E+38,-1.06E+37,59684.32991,9.3299074,-16.5104604,0.090786696,0.033
2459684.849,r,6.17E-05,-6.31E-06,4.66E-17,-4.77E-18,19.42444643,0.117191383,19.42444643,2022 4 15,6300,1.17E+38,-1.20E+37,59684.34876,9.3487616,-16.38228716,0.117191383,0.033
2459684.899,r,6.98E-05,-6.14E-06,5.28E-17,-4.64E-18,19.29054748,0.099976752,19.29054748,2022 4 15,6300,1.33E+38,-1.17E+37,59684.39947,9.3994676,-16.5161861,0.099976752,0.033
2459684.9,r,6.52E-05,-5.58E-06,4.93E-17,-4.22E-18,19.36410826,0.097126037,19.36410826,2022 4 15,6300,1.24E+38,-1.06E+37,59684.39994,9.3999421,-16.44262533,0.097126037,0.033
2459684.935,r,6.57E-05,-7.67E-06,4.96E-17,-5.79E-18,19.35681014,0.134777107,19.35681014,2022 4 15,6300,1.25E+38,-1.46E+37,59684.43453,9.4345255,-16.44992344,0.134777107,0.033
2459684.97,g,5.33E-05,-6.97E-06,6.94E-17,-9.07E-18,19.58347556,0.152092625,19.58347556,2022 4 15,4800,1.74E+38,-2.28E+37,59684.4701,9.4701042,-16.22325802,0.152092625,0.033
2459684.971,g,5.91E-05,-9.55E-06,7.69E-17,-1.24E-17,19.4714336,0.191398493,19.4714336,2022 4 15,4800,1.93E+38,-3.12E+37,59684.47058,9.4705787,-16.33529999,0.191398493,0.033
2459685.686,g,3.65E-05,-9.59E-06,4.75E-17,-1.25E-17,19.99429033,0.331068604,19.99429033,2022 4 16,4800,1.19E+38,-3.14E+37,59685.18646,10.1864583,-15.81244326,0.331068604,0.033
2459685.728,r,7.53E-05,-7.62E-06,5.70E-17,-5.76E-18,19.20736155,0.115814045,19.20736155,2022 4 16,6300,1.43E+38,-1.45E+37,59685.22801,10.2280093,-16.59937204,0.115814045,0.033
2459685.735,r,7.04E-05,-6.66E-06,5.33E-17,-5.04E-18,19.280365,0.107864801,19.280365,2022 4 16,6300,1.34E+38,-1.27E+37,59685.23468,10.2346759,-16.52636859,0.107864801,0.033
2459685.808,i,5.80E-05,-1.03E-05,2.86E-17,-5.07E-18,19.49076877,0.211680269,19.49076877,2022 4 16,7800,7.19E+37,-1.27E+37,59685.30821,10.308206,-16.31596482,0.211680269,0.033
2459685.833,g,6.44E-05,-1.01E-05,8.38E-17,-1.32E-17,19.37797344,0.185409152,19.37797344,2022 4 16,4800,2.11E+38,-3.31E+37,59685.33303,10.3330324,-16.42876014,0.185409152,0.033
2459685.842,r,7.08E-05,-5.65E-06,5.35E-17,-4.27E-18,19.27478064,0.090280065,19.27478064,2022 4 16,6300,1.34E+38,-1.07E+37,59685.34212,10.3421181,-16.53195295,0.090280065,0.033
2459685.872,r,6.40E-05,-9.63E-06,4.84E-17,-7.28E-18,19.38451686,0.176934803,19.38451686,2022 4 16,6300,1.22E+38,-1.83E+37,59685.37221,10.3722106,-16.42221673,0.176934803,0.033
2459686.903,r,6.28E-05,-1.00E-05,4.75E-17,-7.59E-18,19.40527073,0.18917001,19.40527073,2022 4 17,6300,1.19E+38,-1.91E+37,59686.40299,11.4029861,-16.40146286,0.18917001,0.033
2459686.904,r,5.99E-05,-9.35E-06,4.53E-17,-7.07E-18,19.45691319,0.184325143,19.45691319,2022 4 17,6300,1.14E+38,-1.78E+37,59686.40392,11.4039236,-16.34982039,0.184325143,0.033
2459687.834,i,7.24E-05,-8.52E-06,3.57E-17,-4.20E-18,19.25141214,0.136019944,19.25141214,2022 4 18,7800,8.96E+37,-1.06E+37,59687.33358,12.3335764,-16.55532145,0.136019944,0.033
2459687.841,r,7.30E-05,-5.95E-06,5.52E-17,-4.50E-18,19.24206237,0.092358857,19.24206237,2022 4 18,6300,1.39E+38,-1.13E+37,59687.34054,12.340544,-16.56467122,0.092358857,0.033
2459687.842,r,7.77E-05,-7.03E-06,5.87E-17,-5.31E-18,19.17384168,0.102916277,19.17384168,2022 4 18,6300,1.48E+38,-1.33E+37,59687.34154,12.3415394,-16.6328919,0.102916277,0.033
2459687.883,r,7.32E-05,-5.18E-06,5.54E-17,-3.91E-18,19.23836126,0.079585683,19.23836126,2022 4 18,6300,1.39E+38,-9.83E+36,59687.38332,12.3833218,-16.56837233,0.079585683,0.033
2459687.884,r,6.16E-05,-6.11E-06,4.66E-17,-4.62E-18,19.42584602,0.113376346,19.42584602,2022 4 18,6300,1.17E+38,-1.16E+37,59687.38427,12.3842708,-16.38088756,0.113376346,0.033
2459687.904,r,6.65E-05,-7.09E-06,5.03E-17,-5.36E-18,19.34241778,0.122385401,19.34241778,2022 4 18,6300,1.26E+38,-1.35E+37,59687.40442,12.4044213,-16.46431581,0.122385401,0.033
2459687.905,r,7.80E-05,-5.54E-06,5.89E-17,-4.19E-18,19.17032346,0.080080672,19.17032346,2022 4 18,6300,1.48E+38,-1.05E+37,59687.40537,12.4053704,-16.63641012,0.080080672,0.033
2459687.924,g,5.20E-05,-7.23E-06,6.78E-17,-9.41E-18,19.6091819,0.162348102,19.6091819,2022 4 18,4800,1.70E+38,-2.36E+37,59687.42446,12.424456,-16.19755169,0.162348102,0.033
2459687.958,g,6.95E-05,-8.31E-06,9.05E-17,-1.08E-17,19.29557651,0.138411072,19.29557651,2022 4 18,4800,2.27E+38,-2.72E+37,59687.45769,12.4576852,-16.51115708,0.138411072,0.033
2459688.768,g,5.88E-05,-5.79E-06,7.65E-17,-7.54E-18,19.47726308,0.112556489,19.47726308,2022 4 19,4800,1.92E+38,-1.89E+37,59688.26752,13.2675231,-16.32947051,0.112556489,0.033
2459688.768,g,4.52E-05,-7.97E-06,5.88E-17,-1.04E-17,19.76329397,0.210972676,19.76329397,2022 4 19,4800,1.48E+38,-2.61E+37,59688.26848,13.2684838,-16.04343961,0.210972676,0.033
2459688.819,r,6.44E-05,-6.16E-06,4.87E-17,-4.66E-18,19.37824054,0.109294564,19.37824054,2022 4 19,6300,1.22E+38,-1.17E+37,59688.31906,13.3190625,-16.42849304,0.109294564,0.033
2459688.845,r,7.06E-05,-6.34E-06,5.34E-17,-4.79E-18,19.27757162,0.102041434,19.27757162,2022 4 19,6300,1.34E+38,-1.20E+37,59688.34543,13.3454282,-16.52916197,0.102041434,0.033
2459688.889,r,8.65E-05,-7.61E-06,6.53E-17,-5.75E-18,19.0580631,0.100025318,19.0580631,2022 4 19,6300,1.64E+38,-1.44E+37,59688.38903,13.3890278,-16.74867049,0.100025318,0.033
2459689.766,r,6.40E-05,-5.52E-06,4.83E-17,-4.18E-18,19.38544966,0.098101323,19.38544966,2022 4 20,6300,1.21E+38,-1.05E+37,59689.26611,14.2661111,-16.42128393,0.098101323,0.033
2459689.767,r,7.59E-05,-5.61E-06,5.73E-17,-4.24E-18,19.20011747,0.083425856,19.20011747,2022 4 20,6300,1.44E+38,-1.07E+37,59689.26708,14.2670833,-16.60661612,0.083425856,0.033
2459689.787,g,4.44E-05,-5.90E-06,5.78E-17,-7.68E-18,19.78269416,0.1548433,19.78269416,2022 4 20,4800,1.45E+38,-1.93E+37,59689.28681,14.2868056,-16.02403942,0.1548433,0.033
2459689.898,r,6.94E-05,-7.26E-06,5.25E-17,-5.49E-18,19.29669182,0.119993526,19.29669182,2022 4 20,6300,1.32E+38,-1.38E+37,59689.39757,14.3975694,-16.51004177,0.119993526,0.033
2459689.936,r,6.38E-05,-6.75E-06,4.83E-17,-5.11E-18,19.38731994,0.121408366,19.38731994,2022 4 20,6300,1.21E+38,-1.28E+37,59689.43569,14.4356944,-16.41941365,0.121408366,0.033
2459690.744,r,6.54E-05,-3.94E-06,4.95E-17,-2.98E-18,19.36062229,0.067369606,19.36062229,2022 4 21,6300,1.24E+38,-7.48E+36,59690.24396,15.2439583,-16.44611129,0.067369606,0.033
2459690.787,g,4.10E-05,-2.82E-06,5.34E-17,-3.67E-18,19.86711102,0.077237478,19.86711102,2022 4 21,4800,1.34E+38,-9.22E+36,59690.28725,15.2872454,-15.93962257,0.077237478,0.033
2459690.807,g,4.33E-05,-3.62E-06,5.63E-17,-4.71E-18,19.81005094,0.094889678,19.81005094,2022 4 21,4800,1.41E+38,-1.18E+37,59690.30707,15.3070718,-15.99668265,0.094889678,0.033
2459690.808,g,4.43E-05,-3.03E-06,5.77E-17,-3.95E-18,19.78403852,0.077010017,19.78403852,2022 4 21,4800,1.45E+38,-9.92E+36,59690.30755,15.3075463,-16.02269506,0.077010017,0.033
2459690.808,g,5.11E-05,-3.37E-06,6.65E-17,-4.39E-18,19.62931173,0.074103481,19.62931173,2022 4 21,4800,1.67E+38,-1.10E+37,59690.30801,15.3080093,-16.17742186,0.074103481,0.033
2459690.825,r,7.35E-05,-3.94E-06,5.56E-17,-2.98E-18,19.23411265,0.059863398,19.23411265,2022 4 21,6300,1.40E+38,-7.49E+36,59690.3248,15.3248032,-16.57262094,0.059863398,0.033
2459690.825,r,6.93E-05,-4.48E-06,5.24E-17,-3.38E-18,19.29795626,0.072511833,19.29795626,2022 4 21,6300,1.32E+38,-8.50E+36,59690.32528,15.3252778,-16.50877732,0.072511833,0.033
2459690.844,r,7.63E-05,-4.47E-06,5.77E-17,-3.38E-18,19.19386193,0.065499976,19.19386193,2022 4 21,6300,1.45E+38,-8.48E+36,59690.34441,15.3444097,-16.61287165,0.065499976,0.033
2459690.846,r,7.48E-05,-4.16E-06,5.66E-17,-3.15E-18,19.2148928,0.062127586,19.2148928,2022 4 21,6300,1.42E+38,-7.90E+36,59690.34584,15.3458449,-16.59184079,0.062127586,0.033
2459690.884,i,5.63E-05,-8.28E-06,2.78E-17,-4.08E-18,19.52328009,0.172564892,19.52328009,2022 4 21,7800,6.98E+37,-1.03E+37,59690.38377,15.3837731,-16.28345349,0.172564892,0.033
2459690.913,i,6.61E-05,-6.76E-06,3.26E-17,-3.34E-18,19.34907326,0.117160188,19.34907326,2022 4 21,7800,8.19E+37,-8.38E+36,59690.41309,15.4130903,-16.45766032,0.117160188,0.033
2459690.944,g,4.69E-05,-5.08E-06,6.11E-17,-6.61E-18,19.72232744,0.124456449,19.72232744,2022 4 21,4800,1.53E+38,-1.66E+37,59690.44368,15.4436806,-16.08440615,0.124456449,0.033
2459690.944,g,3.91E-05,-4.67E-06,5.09E-17,-6.08E-18,19.92029456,0.138204404,19.92029456,2022 4 21,4800,1.28E+38,-1.53E+37,59690.44416,15.4441551,-15.88643903,0.138204404,0.033
2459690.967,r,7.68E-05,-5.06E-06,5.81E-17,-3.82E-18,19.18610866,0.073927736,19.18610866,2022 4 21,6300,1.46E+38,-9.60E+36,59690.46668,15.4666782,-16.62062492,0.073927736,0.033
2459693.76,r,5.96E-05,-4.01E-06,4.51E-17,-3.03E-18,19.4616398,0.075668571,19.4616398,2022 4 24,6300,1.13E+38,-7.62E+36,59693.26038,18.2603819,-16.34509379,0.075668571,0.033
2459693.761,r,7.39E-05,-3.76E-06,5.58E-17,-2.84E-18,19.22880704,0.056717132,19.22880704,2022 4 24,6300,1.40E+38,-7.14E+36,59693.26135,18.2613542,-16.57792654,0.056717132,0.033
2459693.804,r,7.60E-05,-3.92E-06,5.74E-17,-2.96E-18,19.19851265,0.057477054,19.19851265,2022 4 24,6300,1.44E+38,-7.44E+36,59693.30424,18.3042361,-16.60822094,0.057477054,0.033
2459693.805,r,6.83E-05,-5.07E-06,5.16E-17,-3.84E-18,19.31396148,0.083806392,19.31396148,2022 4 24,6300,1.30E+38,-9.63E+36,59693.30471,18.3047106,-16.4927721,0.083806392,0.033
2459693.849,g,4.25E-05,-3.28E-06,5.54E-17,-4.28E-18,19.82803874,0.08723372,19.82803874,2022 4 24,4800,1.39E+38,-1.07E+37,59693.34878,18.3487847,-15.97869485,0.08723372,0.033
2459693.849,g,3.64E-05,-3.93E-06,4.75E-17,-5.12E-18,19.99589902,0.123992598,19.99589902,2022 4 24,4800,1.19E+38,-1.29E+37,59693.34926,18.3492593,-15.81083456,0.123992598,0.033
2459693.871,i,7.31E-05,-8.13E-06,3.61E-17,-4.01E-18,19.23974067,0.127885569,19.23974067,2022 4 24,7800,9.06E+37,-1.01E+37,59693.37112,18.3711227,-16.56699292,0.127885569,0.033
2459693.895,i,5.62E-05,-5.72E-06,2.77E-17,-2.82E-18,19.52606234,0.116567493,19.52606234,2022 4 24,7800,6.96E+37,-7.09E+36,59693.39475,18.3947454,-16.28067125,0.116567493,0.033
2459693.943,g,3.61E-05,-3.89E-06,4.70E-17,-5.07E-18,20.00730219,0.123948565,20.00730219,2022 4 24,4800,1.18E+38,-1.27E+37,59693.44292,18.4429167,-15.79943139,0.123948565,0.033
2459693.968,g,4.61E-05,-5.79E-06,6.00E-17,-7.54E-18,19.74163683,0.145930889,19.74163683,2022 4 24,4800,1.51E+38,-1.90E+37,59693.46807,18.4680671,-16.06509675,0.145930889,0.033
2459694.743,r,6.20E-05,-4.08E-06,4.69E-17,-3.09E-18,19.41873529,0.073918099,19.41873529,2022 4 25,6300,1.18E+38,-7.75E+36,59694.24316,19.2431597,-16.3879983,0.073918099,0.033
2459694.781,r,7.06E-05,-3.54E-06,5.34E-17,-2.67E-18,19.27744312,0.055765131,19.27744312,2022 4 25,6300,1.34E+38,-6.72E+36,59694.28066,19.2806597,-16.52929046,0.055765131,0.033
2459694.784,r,6.59E-05,-3.28E-06,4.98E-17,-2.48E-18,19.35265882,0.055372681,19.35265882,2022 4 25,6300,1.25E+38,-6.22E+36,59694.28397,19.2839699,-16.45407476,0.055372681,0.033
2459694.808,r,6.36E-05,-3.48E-06,4.81E-17,-2.63E-18,19.39106645,0.061025679,19.39106645,2022 4 25,6300,1.21E+38,-6.60E+36,59694.30797,19.3079745,-16.41566713,0.061025679,0.033
2459694.808,r,7.11E-05,-3.32E-06,5.37E-17,-2.51E-18,19.27057202,0.051856113,19.27057202,2022 4 25,6300,1.35E+38,-6.30E+36,59694.30845,19.3084491,-16.53616157,0.051856113,0.033
2459694.809,r,6.45E-05,-3.48E-06,4.87E-17,-2.63E-18,19.37657618,0.060257002,19.37657618,2022 4 25,6300,1.22E+38,-6.61E+36,59694.30892,19.3089236,-16.4301574,0.060257002,0.033
2459694.868,g,3.53E-05,-2.65E-06,4.59E-17,-3.45E-18,20.03190264,0.084889964,20.03190264,2022 4 25,4800,1.15E+38,-8.67E+36,59694.36756,19.3675579,-15.77483095,0.084889964,0.033
2459694.869,g,3.22E-05,-3.14E-06,4.20E-17,-4.09E-18,20.12912051,0.111205193,20.12912051,2022 4 25,4800,1.05E+38,-1.03E+37,59694.36946,19.369456,-15.67761308,0.111205193,0.033
2459694.885,g,3.72E-05,-3.12E-06,4.85E-17,-4.06E-18,19.9728784,0.094998766,19.9728784,2022 4 25,4800,1.22E+38,-1.02E+37,59694.38532,19.3853241,-15.83385519,0.094998766,0.033
2459694.893,g,4.01E-05,-4.49E-06,5.22E-17,-5.85E-18,19.89264511,0.129137063,19.89264511,2022 4 25,4800,1.31E+38,-1.47E+37,59694.39293,19.3929282,-15.91408847,0.129137063,0.033
2459694.907,g,3.40E-05,-4.25E-06,4.43E-17,-5.53E-18,20.07082175,0.144743449,20.07082175,2022 4 25,4800,1.11E+38,-1.39E+37,59694.40698,19.4069792,-15.73591183,0.144743449,0.033
2459694.91,g,3.60E-05,-3.88E-06,4.69E-17,-5.05E-18,20.0084299,0.123715071,20.0084299,2022 4 25,4800,1.18E+38,-1.27E+37,59694.41021,19.4102083,-15.79830368,0.123715071,0.033
2459695.748,r,7.21E-05,-7.82E-06,5.45E-17,-5.91E-18,19.25555375,0.124633883,19.25555375,2022 4 26,6300,1.37E+38,-1.48E+37,59695.24785,20.2478472,-16.55117984,0.124633883,0.033
2459695.81,r,6.46E-05,-5.91E-06,4.88E-17,-4.47E-18,19.37502433,0.104258808,19.37502433,2022 4 26,6300,1.23E+38,-1.12E+37,59695.31028,20.3102778,-16.43170925,0.104258808,0.033
2459695.839,g,3.84E-05,-8.68E-06,5.01E-17,-1.13E-17,19.93794066,0.277719927,19.93794066,2022 4 26,4800,1.26E+38,-2.84E+37,59695.33942,20.3394213,-15.86879292,0.277719927,0.033
2459695.842,g,3.18E-05,-7.88E-06,4.14E-17,-1.03E-17,20.1444793,0.309112368,20.1444793,2022 4 26,4800,1.04E+38,-2.58E+37,59695.34179,20.341794,-15.66225429,0.309112368,0.033
2459695.913,r,6.76E-05,-8.17E-06,5.11E-17,-6.18E-18,19.3252177,0.139917475,19.3252177,2022 4 26,6300,1.28E+38,-1.55E+37,59695.41288,20.4128819,-16.48151589,0.139917475,0.033
2459696.698,g,3.97E-05,-2.53E-06,5.17E-17,-3.30E-18,19.90380508,0.071574933,19.90380508,2022 4 27,4800,1.30E+38,-8.28E+36,59696.19792,21.1979167,-15.90292851,0.071574933,0.033
2459696.722,g,2.99E-05,-3.32E-06,3.89E-17,-4.33E-18,20.2121132,0.128032776,20.2121132,2022 4 27,4800,9.77E+37,-1.09E+37,59696.22215,21.2221528,-15.59462038,0.128032776,0.033
2459696.723,g,3.13E-05,-3.31E-06,4.08E-17,-4.30E-18,20.1596822,0.121017986,20.1596822,2022 4 27,4800,1.03E+38,-1.08E+37,59696.2231,21.2231019,-15.64705139,0.121017986,0.033
2459696.725,g,3.31E-05,-2.74E-06,4.31E-17,-3.56E-18,20.09993719,0.093600967,20.09993719,2022 4 27,4800,1.08E+38,-8.95E+36,59696.225,21.225,-15.7067964,0.093600967,0.033
2459696.736,r,5.71E-05,-3.36E-06,4.32E-17,-2.54E-18,19.50760846,0.065766389,19.50760846,2022 4 27,6300,1.09E+38,-6.38E+36,59696.2358,21.2357986,-16.29912512,0.065766389,0.033
2459696.767,r,5.33E-05,-7.34E-06,4.03E-17,-5.55E-18,19.58267908,0.1608279,19.58267908,2022 4 27,6300,1.01E+38,-1.39E+37,59696.26698,21.2669792,-16.2240545,0.1608279,0.033
2459696.807,i,5.90E-05,-6.90E-06,2.91E-17,-3.40E-18,19.47347496,0.135054342,19.47347496,2022 4 27,7800,7.31E+37,-8.54E+36,59696.30698,21.3069792,-16.33325862,0.135054342,0.033
2459696.807,i,6.32E-05,-6.38E-06,3.11E-17,-3.14E-18,19.39906713,0.115546147,19.39906713,2022 4 27,7800,7.82E+37,-7.90E+36,59696.30745,21.3074537,-16.40766646,0.115546147,0.033
2459696.951,r,6.16E-05,-3.14E-06,4.65E-17,-2.37E-18,19.42685495,0.056777397,19.42685495,2022 4 27,6300,1.17E+38,-5.96E+36,59696.4508,21.4507986,-16.37987864,0.056777397,0.033
2459697.726,g,3.10E-05,-2.68E-06,4.04E-17,-3.49E-18,20.17020334,0.098105262,20.17020334,2022 4 28,4800,1.02E+38,-8.77E+36,59697.22605,22.2260532,-15.63653025,0.098105262,0.033
2459697.759,g,3.35E-05,-2.37E-06,4.37E-17,-3.09E-18,20.08596684,0.07968044,20.08596684,2022 4 28,4800,1.10E+38,-7.76E+36,59697.25898,22.2589815,-15.72076675,0.07968044,0.033
2459697.802,r,6.33E-05,-2.80E-06,4.79E-17,-2.12E-18,19.39627463,0.04908145,19.39627463,2022 4 28,6300,1.20E+38,-5.31E+36,59697.30247,22.3024653,-16.41045896,0.04908145,0.033
2459697.803,r,5.59E-05,-2.99E-06,4.22E-17,-2.26E-18,19.5322086,0.059742709,19.5322086,2022 4 28,6300,1.06E+38,-5.68E+36,59697.30294,22.3029398,-16.27452498,0.059742709,0.033
2459697.863,r,4.88E-05,-5.22E-06,3.69E-17,-3.94E-18,19.6780151,0.122666231,19.6780151,2022 4 28,6300,9.28E+37,-9.91E+36,59697.36302,22.3630208,-16.12871848,0.122666231,0.033
2459697.885,r,6.88E-05,-2.91E-06,5.20E-17,-2.20E-18,19.30686829,0.04691834,19.30686829,2022 4 28,6300,1.31E+38,-5.52E+36,59697.38484,22.384838,-16.49986529,0.04691834,0.033
2459697.923,g,1.65E-05,-2.26E-06,2.15E-17,-2.95E-18,20.85513727,0.159893732,20.85513727,2022 4 28,4800,5.40E+37,-7.40E+36,59697.42285,22.4228472,-14.95159632,0.159893732,0.033
2459697.947,g,3.12E-05,-2.50E-06,4.06E-17,-3.25E-18,20.1653111,0.09063582,20.1653111,2022 4 28,4800,1.02E+38,-8.17E+36,59697.447,22.4470023,-15.64142249,0.09063582,0.033
2459698.834,g,2.84E-05,-2.69E-06,3.70E-17,-3.50E-18,20.26499899,0.107703928,20.26499899,2022 4 29,4800,9.31E+37,-8.79E+36,59698.33394,23.3339352,-15.5417346,0.107703928,0.033
2459698.872,r,5.09E-05,-3.46E-06,3.85E-17,-2.62E-18,19.63290053,0.076463401,19.63290053,2022 4 29,6300,9.67E+37,-6.58E+36,59698.37201,23.3720139,-16.17383306,0.076463401,0.033
2459698.873,r,5.11E-05,-3.38E-06,3.86E-17,-2.56E-18,19.62947061,0.074422508,19.62947061,2022 4 29,6300,9.70E+37,-6.43E+36,59698.37296,23.372963,-16.17726298,0.074422508,0.033
2459698.874,r,6.31E-05,-3.70E-06,4.77E-17,-2.80E-18,19.39971467,0.065647404,19.39971467,2022 4 29,6300,1.20E+38,-7.03E+36,59698.3739,23.3739005,-16.40701891,0.065647404,0.033
2459698.875,r,6.07E-05,-3.54E-06,4.59E-17,-2.68E-18,19.4413389,0.065225523,19.4413389,2022 4 29,6300,1.15E+38,-6.73E+36,59698.37486,23.3748611,-16.36539468,0.065225523,0.033
2459698.883,r,5.78E-05,-3.73E-06,4.37E-17,-2.82E-18,19.49457901,0.0724433,19.49457901,2022 4 29,6300,1.10E+38,-7.09E+36,59698.38289,23.3828935,-16.31215457,0.0724433,0.033
2459698.884,r,6.22E-05,-3.53E-06,4.70E-17,-2.66E-18,19.41515407,0.063320777,19.41515407,2022 4 29,6300,1.18E+38,-6.69E+36,59698.38432,23.3843171,-16.39157952,0.063320777,0.033
2459699.729,g,2.97E-05,-3.17E-06,3.87E-17,-4.13E-18,20.21840827,0.12273403,20.21840827,2022 4 30,4800,9.71E+37,-1.04E+37,59699.22861,24.2286111,-15.58832532,0.12273403,0.033
2459699.775,r,6.86E-05,-3.44E-06,5.19E-17,-2.60E-18,19.30886729,0.055817651,19.30886729,2022 4 30,6300,1.30E+38,-6.53E+36,59699.27523,24.2752315,-16.4978663,0.055817651,0.033
2459699.861,r,5.96E-05,-3.79E-06,4.50E-17,-2.87E-18,19.46245235,0.071382334,19.46245235,2022 4 30,6300,1.13E+38,-7.20E+36,59699.36111,24.3611111,-16.34428123,0.071382334,0.033
2459699.884,g,3.12E-05,-2.49E-06,4.06E-17,-3.24E-18,20.16508761,0.090241088,20.16508761,2022 4 30,4800,1.02E+38,-8.14E+36,59699.38414,24.3841435,-15.64164598,0.090241088,0.033
2459699.964,g,3.84E-05,-3.40E-06,5.00E-17,-4.43E-18,19.93841513,0.100660335,19.93841513,2022 4 30,4800,1.26E+38,-1.11E+37,59699.46366,24.4636574,-15.86831845,0.100660335,0.033
2459699.966,g,2.97E-05,-3.19E-06,3.87E-17,-4.15E-18,20.21798278,0.123251744,20.21798278,2022 4 30,4800,9.72E+37,-1.04E+37,59699.46606,24.4660648,-15.5887508,0.123251744,0.033
2459700.675,r,6.34E-05,-4.18E-06,4.79E-17,-3.16E-18,19.39450606,0.073951751,19.39450606,2022 5 1,6300,1.20E+38,-7.93E+36,59700.17495,25.1749537,-16.41222752,0.073951751,0.033
2459700.675,r,6.98E-05,-3.24E-06,5.28E-17,-2.45E-18,19.29002886,0.051514857,19.29002886,2022 5 1,6300,1.33E+38,-6.14E+36,59700.17543,25.1754282,-16.51670472,0.051514857,0.033
2459700.742,g,3.35E-05,-2.56E-06,4.36E-17,-3.33E-18,20.08895484,0.086392023,20.08895484,2022 5 1,4800,1.09E+38,-8.37E+36,59700.24237,25.2423727,-15.71777875,0.086392023,0.033
2459700.743,g,3.73E-05,-2.86E-06,4.86E-17,-3.72E-18,19.96958121,0.08646476,19.96958121,2022 5 1,4800,1.22E+38,-9.35E+36,59700.24284,25.2428356,-15.83715238,0.08646476,0.033
2459700.763,g,3.29E-05,-2.57E-06,4.29E-17,-3.35E-18,20.10673395,0.088266389,20.10673395,2022 5 1,4800,1.08E+38,-8.41E+36,59700.26275,25.2627546,-15.69999964,0.088266389,0.033
2459700.763,g,3.82E-05,-3.32E-06,4.98E-17,-4.33E-18,19.94430009,0.098727199,19.94430009,2022 5 1,4800,1.25E+38,-1.09E+37,59700.26322,25.2632176,-15.8624335,0.098727199,0.033
2459700.782,r,6.59E-05,-3.64E-06,4.98E-17,-2.75E-18,19.35310838,0.061773212,19.35310838,2022 5 1,6300,1.25E+38,-6.92E+36,59700.28243,25.2824306,-16.4536252,0.061773212,0.033
2459700.806,r,7.29E-05,-2.78E-06,5.51E-17,-2.10E-18,19.24377277,0.042194579,19.24377277,2022 5 1,6300,1.38E+38,-5.27E+36,59700.30641,25.306412,-16.56296082,0.042194579,0.033
2459700.807,r,7.15E-05,-3.80E-06,5.40E-17,-2.88E-18,19.26492407,0.059400277,19.26492407,2022 5 1,6300,1.36E+38,-7.22E+36,59700.30689,25.3068866,-16.54180951,0.059400277,0.033
2459700.807,r,6.42E-05,-2.89E-06,4.85E-17,-2.18E-18,19.38197324,0.050028678,19.38197324,2022 5 1,6300,1.22E+38,-5.49E+36,59700.30736,25.3073611,-16.42476035,0.050028678,0.033
2459700.823,i,6.97E-05,-5.85E-06,3.44E-17,-2.89E-18,19.29204636,0.095214751,19.29204636,2022 5 1,7800,8.63E+37,-7.25E+36,59700.32272,25.3227199,-16.51468723,0.095214751,0.033
2459700.824,i,7.22E-05,-5.39E-06,3.56E-17,-2.66E-18,19.25321232,0.084148439,19.25321232,2022 5 1,7800,8.95E+37,-6.67E+36,59700.32436,25.3243634,-16.55352126,0.084148439,0.033
2459700.841,g,3.14E-05,-2.62E-06,4.09E-17,-3.41E-18,20.15648887,0.094436576,20.15648887,2022 5 1,4800,1.03E+38,-8.57E+36,59700.34095,25.3409491,-15.65024471,0.094436576,0.033
2459700.868,g,3.56E-05,-2.42E-06,4.63E-17,-3.15E-18,20.02237268,0.076493057,20.02237268,2022 5 1,4800,1.16E+38,-7.92E+36,59700.3677,25.3676968,-15.7843609,0.076493057,0.033
2459701.809,g,4.00E-05,-2.43E-06,5.21E-17,-3.16E-18,19.89412455,0.06798736,19.89412455,2022 5 2,4800,1.31E+38,-7.95E+36,59701.30859,26.308588,-15.91260904,0.06798736,0.033
2459701.847,g,4.17E-05,-3.49E-06,5.42E-17,-4.54E-18,19.85093723,0.094959572,19.85093723,2022 5 2,4800,1.36E+38,-1.14E+37,59701.34728,26.3472801,-15.95579636,0.094959572,0.033
2459701.887,g,3.62E-05,-2.94E-06,4.71E-17,-3.83E-18,20.00333783,0.091932975,20.00333783,2022 5 2,4800,1.18E+38,-9.61E+36,59701.38692,26.3869213,-15.80339576,0.091932975,0.033
2459701.891,g,4.40E-05,-2.57E-06,5.74E-17,-3.35E-18,19.79020994,0.065347887,19.79020994,2022 5 2,4800,1.44E+38,-8.42E+36,59701.39134,26.3913426,-16.01652365,0.065347887,0.033
2459701.927,g,4.43E-05,-2.31E-06,5.76E-17,-3.01E-18,19.78513527,0.058185599,19.78513527,2022 5 2,4800,1.45E+38,-7.55E+36,59701.42742,26.427419,-16.02159832,0.058185599,0.033
2459701.928,g,3.57E-05,-2.72E-06,4.65E-17,-3.54E-18,20.01776929,0.085914951,20.01776929,2022 5 2,4800,1.17E+38,-8.89E+36,59701.42788,26.4278819,-15.78896429,0.085914951,0.033
2459702.673,r,7.46E-05,-5.23E-06,5.64E-17,-3.95E-18,19.21811804,0.078927149,19.21811804,2022 5 3,6300,1.42E+38,-9.93E+36,59702.17253,27.1725347,-16.58861555,0.078927149,0.033
2459702.783,g,3.76E-05,-2.69E-06,4.89E-17,-3.50E-18,19.96243858,0.080541632,19.96243858,2022 5 3,4800,1.23E+38,-8.79E+36,59702.28272,27.2827199,-15.844295,0.080541632,0.033
2459702.783,g,5.04E-05,-2.41E-06,6.56E-17,-3.14E-18,19.64394248,0.053176972,19.64394248,2022 5 3,4800,1.65E+38,-7.88E+36,59702.28319,27.2831944,-16.16279111,0.053176972,0.033
2459702.784,g,4.40E-05,-2.72E-06,5.73E-17,-3.54E-18,19.79106234,0.069138861,19.79106234,2022 5 3,4800,1.44E+38,-8.88E+36,59702.28367,27.283669,-16.01567125,0.069138861,0.033
2459702.809,g,4.87E-05,-2.39E-06,6.35E-17,-3.11E-18,19.68055565,0.054527895,19.68055565,2022 5 3,4800,1.59E+38,-7.81E+36,59702.30929,27.309294,-16.12617794,0.054527895,0.033
2459702.823,g,4.14E-05,-2.42E-06,5.39E-17,-3.15E-18,19.85679192,0.065259369,19.85679192,2022 5 3,4800,1.36E+38,-7.91E+36,59702.32323,27.3232292,-15.94994166,0.065259369,0.033
2459702.824,g,5.20E-05,-2.23E-06,6.77E-17,-2.90E-18,19.61015477,0.047577486,19.61015477,2022 5 3,4800,1.70E+38,-7.29E+36,59702.32418,27.3241782,-16.19657881,0.047577486,0.033
2459702.849,r,8.08E-05,-3.76E-06,6.11E-17,-2.84E-18,19.13186559,0.051722815,19.13186559,2022 5 3,6300,1.53E+38,-7.14E+36,59702.34859,27.348588,-16.67486799,0.051722815,0.033
2459702.85,r,8.39E-05,-3.02E-06,6.34E-17,-2.28E-18,19.09030449,0.039798601,19.09030449,2022 5 3,6300,1.59E+38,-5.74E+36,59702.34954,27.349537,-16.71642909,0.039798601,0.033
2459702.85,r,8.71E-05,-3.34E-06,6.59E-17,-2.53E-18,19.04951438,0.042476142,19.04951438,2022 5 3,6300,1.65E+38,-6.35E+36,59702.35047,27.3504745,-16.75721921,0.042476142,0.033
2459702.863,r,7.98E-05,-3.50E-06,6.03E-17,-2.65E-18,19.14563238,0.048717339,19.14563238,2022 5 3,6300,1.51E+38,-6.65E+36,59702.36347,27.3634722,-16.66110121,0.048717339,0.033
2459702.864,r,8.73E-05,-2.99E-06,6.60E-17,-2.26E-18,19.04746105,0.0378793,19.04746105,2022 5 3,6300,1.66E+38,-5.68E+36,59702.36395,27.3639468,-16.75927254,0.0378793,0.033
2459707.725,r,0.000175558,-4.32E-06,1.33E-16,-3.27E-18,18.28901259,0.027074944,18.28901259,2022 5 8,6300,3.33E+38,-8.21E+36,59707.225,32.225,-17.51772099,0.027074944,0.033
2459707.767,r,0.00016198,-4.59E-06,1.22E-16,-3.47E-18,18.37641355,0.031197362,18.37641355,2022 5 8,6300,3.08E+38,-8.71E+36,59707.26692,32.2669213,-17.43032004,0.031197362,0.033
2459707.779,r,0.000173453,-4.82E-06,1.31E-16,-3.64E-18,18.30211354,0.030606275,18.30211354,2022 5 8,6300,3.29E+38,-9.16E+36,59707.27905,32.2790509,-17.50462005,0.030606275,0.033
2459707.781,r,0.000175808,-4.86E-06,1.33E-16,-3.67E-18,18.28747091,0.030411424,18.28747091,2022 5 8,6300,3.34E+38,-9.22E+36,59707.28139,32.2813889,-17.51926268,0.030411424,0.033
2459707.827,r,0.000160089,-5.33E-06,1.21E-16,-4.03E-18,18.38916172,0.036775677,18.38916172,2022 5 8,6300,3.04E+38,-1.01E+37,59707.32737,32.3273727,-17.41757187,0.036775677,0.033
2459707.83,r,0.000168043,-4.38E-06,1.27E-16,-3.31E-18,18.3365166,0.02865852,18.3365166,2022 5 8,6300,3.19E+38,-8.31E+36,59707.33021,32.3302083,-17.47021698,0.02865852,0.033
2459707.847,r,0.000179186,-4.15E-06,1.35E-16,-3.14E-18,18.26680627,0.025463594,18.26680627,2022 5 8,6300,3.40E+38,-7.89E+36,59707.34681,32.3468056,-17.53992732,0.025463594,0.033
2459707.867,r,0.00017003,-4.57E-06,1.29E-16,-3.45E-18,18.32375422,0.029549023,18.32375422,2022 5 8,6300,3.23E+38,-8.67E+36,59707.36652,32.3665162,-17.48297936,0.029549023,0.033
2459707.87,r,0.00016133,-5.30E-06,1.22E-16,-4.01E-18,18.38077768,0.036265014,18.38077768,2022 5 8,6300,3.06E+38,-1.01E+37,59707.36983,32.3698264,-17.42595591,0.036265014,0.033
2459709.81,r,0.000223847,-5.27E-06,1.69E-16,-3.98E-18,18.02518695,0.025850899,18.02518695,2022 5 10,6300,4.25E+38,-1.00E+37,59709.30995,34.3099537,-17.78154664,0.025850899,0.033
2459709.812,r,0.000200793,-5.67E-06,1.52E-16,-4.29E-18,18.14319614,0.031096739,18.14319614,2022 5 10,6300,3.81E+38,-1.08E+37,59709.31185,34.3118519,-17.66353745,0.031096739,0.033
2459709.824,r,0.00021247,-6.29E-06,1.61E-16,-4.75E-18,18.08182015,0.032605535,18.08182015,2022 5 10,6300,4.03E+38,-1.19E+37,59709.32352,34.3235185,-17.72491344,0.032605535,0.033
2459709.849,r,0.000218968,-5.48E-06,1.66E-16,-4.14E-18,18.04911295,0.027527144,18.04911295,2022 5 10,6300,4.16E+38,-1.04E+37,59709.34916,34.3491551,-17.75762063,0.027527144,0.033
2459709.885,r,0.000227612,-4.99E-06,1.72E-16,-3.77E-18,18.00707585,0.024080349,18.00707585,2022 5 10,6300,4.32E+38,-9.48E+36,59709.38524,34.3852431,-17.79965774,0.024080349,0.033
2459709.908,r,0.000230911,-5.94E-06,1.75E-16,-4.49E-18,17.99145599,0.028281547,17.99145599,2022 5 10,6300,4.38E+38,-1.13E+37,59709.40786,34.4078588,-17.8152776,0.028281547,0.033
2459710.822,g,0.000164506,-6.39E-06,2.14E-16,-8.33E-18,18.35960939,0.043046916,18.35960939,2022 5 11,4800,5.38E+38,-2.09E+37,59710.32207,35.3220718,-17.44712419,0.043046916,0.033
2459710.823,g,0.000174138,-5.22E-06,2.27E-16,-6.80E-18,18.29783129,0.033056342,18.29783129,2022 5 11,4800,5.70E+38,-1.71E+37,59710.32302,35.3230208,-17.50890229,0.033056342,0.033
2459711.717,g,0.000196545,-8.24E-06,2.56E-16,-1.07E-17,18.16641038,0.046489094,18.16641038,2022 5 12,4800,6.43E+38,-2.69E+37,59711.21671,36.216713,-17.64032321,0.046489094,0.033
2459711.746,g,0.00018043,-5.18E-06,2.35E-16,-6.74E-18,18.25929533,0.031615652,18.25929533,2022 5 12,4800,5.90E+38,-1.69E+37,59711.24557,36.2455671,-17.54743825,0.031615652,0.033
2459711.845,r,0.000241351,-8.90E-06,1.82E-16,-6.73E-18,17.94344488,0.040811883,17.94344488,2022 5 12,6300,4.58E+38,-1.69E+37,59711.34528,36.3452778,-17.86328871,0.040811883,0.033
2459711.846,r,0.000240659,-7.19E-06,1.82E-16,-5.43E-18,17.94656006,0.032909539,17.94656006,2022 5 12,6300,4.57E+38,-1.36E+37,59711.34623,36.3462269,-17.86017352,0.032909539,0.033
2459711.866,r,0.000226038,-7.19E-06,1.71E-16,-5.43E-18,18.01461172,0.035097816,18.01461172,2022 5 12,6300,4.29E+38,-1.37E+37,59711.36644,36.3664352,-17.79212187,0.035097816,0.033
2459711.869,r,0.000237521,-6.73E-06,1.80E-16,-5.09E-18,17.96081063,0.031204915,17.96081063,2022 5 12,6300,4.51E+38,-1.28E+37,59711.36881,36.3688079,-17.84592295,0.031204915,0.033
2459712.783,g,0.000191528,-7.48E-06,2.49E-16,-9.74E-18,18.19448407,0.04323558,18.19448407,2022 5 13,4800,6.27E+38,-2.45E+37,59712.28277,37.2827662,-17.61224952,0.04323558,0.033
2459712.804,i,0.000217924,-7.61E-06,1.07E-16,-3.75E-18,18.05430407,0.038596457,18.05430407,2022 5 13,7800,2.70E+38,-9.43E+36,59712.30366,37.3036574,-17.75242951,0.038596457,0.033
2459712.805,i,0.000240081,-1.10E-05,1.18E-16,-5.42E-18,17.94917199,0.050917348,17.94917199,2022 5 13,7800,2.97E+38,-1.36E+37,59712.30509,37.3050926,-17.85756159,0.050917348,0.033
2459712.841,r,0.000240992,-8.43E-06,1.82E-16,-6.37E-18,17.94505907,0.038665031,17.94505907,2022 5 13,6300,4.58E+38,-1.60E+37,59712.34074,37.3407407,-17.86167451,0.038665031,0.033
2459713.766,r,0.00023763,-7.64E-06,1.80E-16,-5.78E-18,17.96031042,0.035503487,17.96031042,2022 5 14,6300,4.51E+38,-1.45E+37,59713.26612,38.2661227,-17.84642317,0.035503487,0.033
2459713.768,r,0.00024581,-7.78E-06,1.86E-16,-5.88E-18,17.92356612,0.034911932,17.92356612,2022 5 14,6300,4.67E+38,-1.48E+37,59713.26847,38.2684722,-17.88316746,0.034911932,0.033
2459713.769,r,0.000275521,-6.21E-06,2.08E-16,-4.69E-18,17.79967692,0.024742531,17.79967692,2022 5 14,6300,5.23E+38,-1.18E+37,59713.26942,38.2694213,-18.00705667,0.024742531,0.033
2459714.841,r,0.000234472,-7.70E-06,1.77E-16,-5.82E-18,17.97484039,0.0362775,17.97484039,2022 5 15,6300,4.45E+38,-1.46E+37,59714.34108,39.3410764,-17.8318932,0.0362775,0.033
2459715.771,g,0.000180912,-1.08E-05,2.36E-16,-1.41E-17,18.25639759,0.066836488,18.25639759,2022 5 16,4800,5.92E+38,-3.53E+37,59715.27078,40.2707755,-17.550336,0.066836488,0.033
2459715.781,g,0.000165393,-7.25E-06,2.15E-16,-9.44E-18,18.35377179,0.048688464,18.35377179,2022 5 16,4800,5.41E+38,-2.37E+37,59715.28131,40.2813079,-17.45296179,0.048688464,0.033
2459717.718,r,0.000244893,-5.08E-06,1.85E-16,-3.84E-18,17.92762454,0.02277898,17.92762454,2022 5 18,6300,4.65E+38,-9.65E+36,59717.21845,42.2184491,-17.87910904,0.02277898,0.033
2459717.719,r,0.000245812,-4.15E-06,1.86E-16,-3.14E-18,17.92355963,0.018484987,17.92355963,2022 5 18,6300,4.67E+38,-7.88E+36,59717.21894,42.2189352,-17.88317396,0.018484987,0.033
2459717.719,r,0.000241278,-5.46E-06,1.82E-16,-4.13E-18,17.94377353,0.024855739,17.94377353,2022 5 18,6300,4.58E+38,-1.04E+37,59717.2194,42.2193981,-17.86296006,0.024855739,0.033
2459717.861,i,0.000235013,-1.05E-05,1.16E-16,-5.17E-18,17.97233697,0.049551398,17.97233697,2022 5 18,7800,2.91E+38,-1.30E+37,59717.36093,42.3609259,-17.83439662,0.049551398,0.033
2459717.869,i,0.000208447,-8.24E-06,1.03E-16,-4.06E-18,18.10257539,0.04378435,18.10257539,2022 5 18,7800,2.58E+38,-1.02E+37,59717.36861,42.3686111,-17.70415819,0.04378435,0.033
2459718.723,r,0.000224191,-4.25E-06,1.69E-16,-3.21E-18,18.02352244,0.020758487,18.02352244,2022 5 19,6300,4.26E+38,-8.06E+36,59718.22343,43.2234259,-17.78321115,0.020758487,0.033
2459718.724,r,0.000224859,-3.84E-06,1.70E-16,-2.90E-18,18.0202905,0.018710798,18.0202905,2022 5 19,6300,4.27E+38,-7.30E+36,59718.2239,43.2239005,-17.78644309,0.018710798,0.033
2459718.759,r,0.000227812,-4.02E-06,1.72E-16,-3.03E-18,18.00612176,0.019305919,18.00612176,2022 5 19,6300,4.33E+38,-7.62E+36,59718.25867,43.258669,-17.80061183,0.019305919,0.033
2459718.762,r,0.000215579,-5.57E-06,1.63E-16,-4.21E-18,18.06605089,0.028412578,18.06605089,2022 5 19,6300,4.09E+38,-1.06E+37,59718.2615,43.2615046,-17.74068269,0.028412578,0.033
2459719.764,r,0.000203188,-4.22E-06,1.54E-16,-3.19E-18,18.13031998,0.022812691,18.13031998,2022 5 20,6300,3.86E+38,-8.02E+36,59719.26362,44.2636227,-17.67641361,0.022812691,0.033
2459719.765,r,0.000207759,-3.95E-06,1.57E-16,-2.99E-18,18.10616554,0.020843026,18.10616554,2022 5 20,6300,3.95E+38,-7.50E+36,59719.26457,44.2645718,-17.70056805,0.020843026,0.033
2459719.784,r,0.000218333,-3.54E-06,1.65E-16,-2.68E-18,18.05226962,0.017767601,18.05226962,2022 5 20,6300,4.15E+38,-6.73E+36,59719.28396,44.2839583,-17.75446396,0.017767601,0.033
2459719.785,r,0.000209636,-3.68E-06,1.58E-16,-2.78E-18,18.0963989,0.01920685,18.0963989,2022 5 20,6300,3.98E+38,-6.98E+36,59719.2849,44.2848958,-17.71033468,0.01920685,0.033
2459719.802,r,0.000214683,-3.83E-06,1.62E-16,-2.90E-18,18.07057008,0.019562548,18.07057008,2022 5 20,6300,4.08E+38,-7.28E+36,59719.30216,44.3021644,-17.73616351,0.019562548,0.033
2459719.804,r,0.000217521,-3.84E-06,1.64E-16,-2.90E-18,18.05631451,0.019321493,18.05631451,2022 5 20,6300,4.13E+38,-7.29E+36,59719.3036,44.3035995,-17.75041907,0.019321493,0.033
2459719.805,r,0.000198606,-4.24E-06,1.50E-16,-3.21E-18,18.15508557,0.023452823,18.15508557,2022 5 20,6300,3.77E+38,-8.06E+36,59719.30503,44.3050347,-17.65164801,0.023452823,0.033
2459719.806,r,0.000194731,-4.83E-06,1.47E-16,-3.65E-18,18.17647664,0.027256903,18.17647664,2022 5 20,6300,3.70E+38,-9.17E+36,59719.30598,44.3059838,-17.63025694,0.027256903,0.033
2459721.807,r,0.000199269,-3.80E-06,1.51E-16,-2.87E-18,18.15146848,0.020891474,18.15146848,2022 5 22,6300,3.78E+38,-7.21E+36,59721.30729,46.3072917,-17.65526511,0.020891474,0.033
2459721.813,r,0.000211724,-3.70E-06,1.60E-16,-2.79E-18,18.08564249,0.019124285,18.08564249,2022 5 22,6300,4.02E+38,-7.02E+36,59721.31301,46.3130093,-17.7210911,0.019124285,0.033
2459722.822,g,0.000105122,-3.32E-06,1.37E-16,-4.33E-18,18.84582882,0.034860565,18.84582882,2022 5 23,4800,3.44E+38,-1.09E+37,59722.32176,47.3217593,-16.96090477,0.034860565,0.033
2459722.823,g,0.000106633,-3.33E-06,1.39E-16,-4.33E-18,18.83033294,0.034395111,18.83033294,2022 5 23,4800,3.49E+38,-1.09E+37,59722.32278,47.3227778,-16.97640065,0.034395111,0.033
2459722.823,g,0.000107788,-2.88E-06,1.40E-16,-3.75E-18,18.81864176,0.029444039,18.81864176,2022 5 23,4800,3.53E+38,-9.43E+36,59722.32325,47.3232523,-16.98809182,0.029444039,0.033
2459722.826,g,0.000103482,-2.91E-06,1.35E-16,-3.79E-18,18.86290418,0.030941477,18.86290418,2022 5 23,4800,3.39E+38,-9.51E+36,59722.32595,47.3259491,-16.9438294,0.030941477,0.033
2459722.85,g,0.000110746,-3.82E-06,1.44E-16,-4.98E-18,18.78924695,0.038156612,18.78924695,2022 5 23,4800,3.62E+38,-1.25E+37,59722.35022,47.3502199,-17.01748663,0.038156612,0.033
2459722.863,g,0.000103561,-2.99E-06,1.35E-16,-3.90E-18,18.86207804,0.031839626,18.86207804,2022 5 23,4800,3.39E+38,-9.79E+36,59722.36326,47.3632639,-16.94465555,0.031839626,0.033
2459722.868,g,0.000111906,-3.41E-06,1.46E-16,-4.44E-18,18.77793342,0.033626246,18.77793342,2022 5 23,4800,3.66E+38,-1.12E+37,59722.36799,47.3679861,-17.02880016,0.033626246,0.033
2459722.908,g,0.00010113,-4.65E-06,1.32E-16,-6.06E-18,18.88786925,0.051144626,18.88786925,2022 5 23,4800,3.31E+38,-1.52E+37,59722.40792,47.4079167,-16.91886434,0.051144626,0.033
2459722.91,g,0.000105215,-4.05E-06,1.37E-16,-5.28E-18,18.84486691,0.042633747,18.84486691,2022 5 23,4800,3.44E+38,-1.33E+37,59722.41029,47.4102894,-16.96186668,0.042633747,0.033
2459722.911,g,0.000113608,-4.35E-06,1.48E-16,-5.66E-18,18.76154759,0.042388821,18.76154759,2022 5 23,4800,3.72E+38,-1.42E+37,59722.41124,47.4112384,-17.045186,0.042388821,0.033
2459723.7,r,0.000187265,-5.31E-06,1.42E-16,-4.01E-18,18.21892178,0.031219635,18.21892178,2022 5 24,6300,3.56E+38,-1.01E+37,59723.20046,48.200463,-17.5878118,0.031219635,0.033
2459723.701,r,0.000192757,-5.55E-06,1.46E-16,-4.20E-18,18.18753747,0.031744859,18.18753747,2022 5 24,6300,3.66E+38,-1.05E+37,59723.20094,48.2009375,-17.61919612,0.031744859,0.033
2459723.727,i,0.000187666,-7.62E-06,9.25E-17,-3.76E-18,18.21659929,0.045010387,18.21659929,2022 5 24,7800,2.32E+38,-9.44E+36,59723.22669,48.2266898,-17.5901343,0.045010387,0.033
2459723.727,i,0.000194284,-8.91E-06,9.58E-17,-4.39E-18,18.17897196,0.050978964,18.17897196,2022 5 24,7800,2.41E+38,-1.10E+37,59723.22716,48.2271644,-17.62776162,0.050978964,0.033
2459723.764,g,0.000103464,-3.45E-06,1.35E-16,-4.49E-18,18.8630876,0.036809626,18.8630876,2022 5 24,4800,3.38E+38,-1.13E+37,59723.26414,48.2641435,-16.94364598,0.036809626,0.033
2459723.768,g,8.70E-05,-2.82E-06,1.13E-16,-3.67E-18,19.05156983,0.035735335,19.05156983,2022 5 24,4800,2.85E+38,-9.21E+36,59723.26794,48.2679398,-16.75516375,0.035735335,0.033
2459724.803,r,0.00017378,-3.73E-06,1.31E-16,-2.82E-18,18.30006341,0.023530746,18.30006341,2022 5 25,6300,3.30E+38,-7.07E+36,59724.30281,49.3028125,-17.50667018,0.023530746,0.033
2459724.804,r,0.000168177,-4.11E-06,1.27E-16,-3.11E-18,18.33564793,0.026879478,18.33564793,2022 5 25,6300,3.19E+38,-7.81E+36,59724.30395,49.3039468,-17.47108565,0.026879478,0.033
2459724.806,r,0.000177382,-3.49E-06,1.34E-16,-2.64E-18,18.27779244,0.021555043,18.27779244,2022 5 25,6300,3.37E+38,-6.62E+36,59724.30608,49.3060764,-17.52894114,0.021555043,0.033
2459724.807,r,0.000178324,-3.45E-06,1.35E-16,-2.60E-18,18.27204321,0.021186428,18.27204321,2022 5 25,6300,3.39E+38,-6.54E+36,59724.30703,49.3070255,-17.53469038,0.021186428,0.033
2459724.829,g,8.77E-05,-2.80E-06,1.14E-16,-3.65E-18,19.04238452,0.035241245,19.04238452,2022 5 25,4800,2.87E+38,-9.16E+36,59724.32938,49.329375,-16.76434907,0.035241245,0.033
2459724.83,g,9.09E-05,-3.43E-06,1.18E-16,-4.47E-18,19.00418552,0.041795965,19.00418552,2022 5 25,4800,2.97E+38,-1.12E+37,59724.32985,49.3298495,-16.80254807,0.041795965,0.033
2459724.83,g,9.72E-05,-2.78E-06,1.27E-16,-3.62E-18,18.93132061,0.031563798,18.93132061,2022 5 25,4800,3.18E+38,-9.11E+36,59724.33032,49.3303241,-16.87541298,0.031563798,0.033
2459724.831,g,9.31E-05,-3.44E-06,1.21E-16,-4.48E-18,18.97720015,0.040865365,18.97720015,2022 5 25,4800,3.05E+38,-1.13E+37,59724.3308,49.3307986,-16.82953343,0.040865365,0.033
2459725.744,r,0.000167626,-4.14E-06,1.27E-16,-3.13E-18,18.33921226,0.027133192,18.33921226,2022 5 26,6300,3.18E+38,-7.86E+36,59725.24427,50.2442708,-17.46752132,0.027133192,0.033
2459725.787,g,8.26E-05,-3.29E-06,1.08E-16,-4.28E-18,19.10703595,0.044057262,19.10703595,2022 5 26,4800,2.70E+38,-1.08E+37,59725.28712,50.2871181,-16.69969764,0.044057262,0.033
2459725.803,g,8.44E-05,-2.64E-06,1.10E-16,-3.44E-18,19.0844315,0.034485638,19.0844315,2022 5 26,4800,2.76E+38,-8.63E+36,59725.30326,50.3032639,-16.72230208,0.034485638,0.033
2459725.83,r,0.000166001,-3.60E-06,1.25E-16,-2.72E-18,18.34979089,0.023783562,18.34979089,2022 5 26,6300,3.15E+38,-6.83E+36,59725.33041,50.3304051,-17.45694269,0.023783562,0.033
2459726.759,i,0.000163117,-6.88E-06,8.04E-17,-3.39E-18,18.36881667,0.046780758,18.36881667,2022 5 27,7800,2.02E+38,-8.52E+36,59726.25911,51.2591088,-17.43791692,0.046780758,0.033
2459726.801,g,6.84E-05,-2.75E-06,8.91E-17,-3.58E-18,19.31226581,0.044521539,19.31226581,2022 5 27,4800,2.24E+38,-8.99E+36,59726.30089,51.3008912,-16.49446778,0.044521539,0.033
2459726.802,g,7.76E-05,-2.78E-06,1.01E-16,-3.61E-18,19.17556197,0.039550285,19.17556197,2022 5 27,4800,2.54E+38,-9.08E+36,59726.30184,51.3018403,-16.63117161,0.039550285,0.033
2459726.803,g,7.44E-05,-2.29E-06,9.69E-17,-2.98E-18,19.22079476,0.033950436,19.22079476,2022 5 27,4800,2.43E+38,-7.49E+36,59726.30279,51.3027894,-16.58593883,0.033950436,0.033
2459726.807,g,7.14E-05,-2.55E-06,9.30E-17,-3.32E-18,19.26566145,0.03952796,19.26566145,2022 5 27,4800,2.34E+38,-8.35E+36,59726.30735,51.3073495,-16.54107214,0.03952796,0.033
2459726.847,r,0.000157826,-4.20E-06,1.19E-16,-3.17E-18,18.40461827,0.029268613,18.40461827,2022 5 27,6300,3.00E+38,-7.97E+36,59726.3467,51.3467014,-17.40211532,0.029268613,0.033
2459726.848,r,0.000152479,-3.79E-06,1.15E-16,-2.86E-18,18.44203994,0.027323286,18.44203994,2022 5 27,6300,2.90E+38,-7.20E+36,59726.34764,51.3476389,-17.36469365,0.027323286,0.033
2459726.863,r,0.00015763,-3.39E-06,1.19E-16,-2.56E-18,18.40596679,0.023574419,18.40596679,2022 5 27,6300,2.99E+38,-6.43E+36,59726.36341,51.3634144,-17.40076679,0.023574419,0.033
2459726.864,r,0.000157457,-3.45E-06,1.19E-16,-2.61E-18,18.40715926,0.02405119,18.40715926,2022 5 27,6300,2.99E+38,-6.55E+36,59726.36439,51.3643866,-17.39957433,0.02405119,0.033
2459727.738,r,0.000146832,-6.11E-06,1.11E-16,-4.62E-18,18.48301387,0.0461695,18.48301387,2022 5 28,6300,2.79E+38,-1.16E+37,59727.23767,52.2376736,-17.32371972,0.0461695,0.033
2459727.743,r,0.000161746,-5.58E-06,1.22E-16,-4.22E-18,18.37797918,0.038093382,18.37797918,2022 5 28,6300,3.07E+38,-1.06E+37,59727.24346,52.2434606,-17.42875441,0.038093382,0.033
2459727.786,g,8.53E-05,-1.42E-05,1.11E-16,-1.85E-17,19.07262042,0.198138638,19.07262042,2022 5 28,4800,2.79E+38,-4.65E+37,59727.28606,52.2860648,-16.73411317,0.198138638,0.033
2459729.884,g,5.16E-05,-3.57E-06,6.71E-17,-4.65E-18,19.619302,0.078015398,19.619302,2022 5 30,4800,1.69E+38,-1.17E+37,59729.38449,54.3844907,-16.18743159,0.078015398,0.033
2459729.885,g,4.45E-05,-4.58E-06,5.80E-17,-5.96E-18,19.77892379,0.117875063,19.77892379,2022 5 30,4800,1.46E+38,-1.50E+37,59729.38497,54.3849653,-16.02780979,0.117875063,0.033
2459729.888,g,4.54E-05,-4.29E-06,5.91E-17,-5.58E-18,19.75820729,0.107744062,19.75820729,2022 5 30,4800,1.48E+38,-1.40E+37,59729.38833,54.3883333,-16.04852629,0.107744062,0.033
2459729.889,g,4.56E-05,-3.67E-06,5.94E-17,-4.77E-18,19.75240429,0.090969676,19.75240429,2022 5 30,4800,1.49E+38,-1.20E+37,59729.3888,54.3887963,-16.0543293,0.090969676,0.033
2459730.74,r,0.000102996,-3.65E-06,7.79E-17,-2.76E-18,18.86801349,0.039186721,18.86801349,2022 5 31,6300,1.96E+38,-6.93E+36,59730.24002,55.2400231,-16.93872009,0.039186721,0.033
2459730.762,r,0.00012486,-3.23E-06,9.44E-17,-2.44E-18,18.65900981,0.028488453,18.65900981,2022 5 31,6300,2.37E+38,-6.14E+36,59730.26221,55.2622106,-17.14772377,0.028488453,0.033
2459730.806,g,4.64E-05,-2.19E-06,6.04E-17,-2.85E-18,19.73488605,0.052498171,19.73488605,2022 5 31,4800,1.52E+38,-7.16E+36,59730.3056,55.3056019,-16.07184754,0.052498171,0.033
2459730.806,g,3.88E-05,-2.90E-06,5.05E-17,-3.77E-18,19.92744227,0.084215027,19.92744227,2022 5 31,4800,1.27E+38,-9.48E+36,59730.30608,55.3060764,-15.87929132,0.084215027,0.033
2459731.765,i,0.00011744,-7.54E-06,5.79E-17,-3.72E-18,18.72552531,0.072093424,18.72552531,2022 6 1,7800,1.45E+38,-9.35E+36,59731.2652,56.2651968,-17.08120827,0.072093424,0.033
2459731.766,i,0.000129536,-5.56E-06,6.39E-17,-2.74E-18,18.61909077,0.04762021,18.61909077,2022 6 1,7800,1.60E+38,-6.89E+36,59731.26613,56.2661343,-17.18764281,0.04762021,0.033
2459731.81,r,0.000110115,-3.32E-06,8.32E-17,-2.51E-18,18.79544633,0.033236199,18.79544633,2022 6 1,6300,2.09E+38,-6.30E+36,59731.31038,56.3103819,-17.01128725,0.033236199,0.033
2459731.824,g,3.39E-05,-3.26E-06,4.41E-17,-4.24E-18,20.076137,0.109780677,20.076137,2022 6 1,4800,1.11E+38,-1.06E+37,59731.32395,56.3239468,-15.73059658,0.109780677,0.033
2459731.825,g,4.28E-05,-3.57E-06,5.57E-17,-4.65E-18,19.82214483,0.094620414,19.82214483,2022 6 1,4800,1.40E+38,-1.17E+37,59731.32488,56.3248843,-15.98458876,0.094620414,0.033
2459731.829,g,3.94E-05,-3.22E-06,5.13E-17,-4.20E-18,19.91190128,0.092770368,19.91190128,2022 6 1,4800,1.29E+38,-1.05E+37,59731.32894,56.3289352,-15.8948323,0.092770368,0.033
2459732.719,r,9.55E-05,-3.25E-06,7.21E-17,-2.46E-18,18.95061487,0.037597176,18.95061487,2022 6 2,6300,1.81E+38,-6.17E+36,59732.219,57.2190046,-16.85611872,0.037597176,0.033
2459732.779,g,3.56E-05,-2.52E-06,4.64E-17,-3.28E-18,20.02044151,0.079511384,20.02044151,2022 6 2,4800,1.17E+38,-8.23E+36,59732.27853,57.2785301,-15.78629208,0.079511384,0.033
2459733.753,r,8.43E-05,-3.29E-06,6.37E-17,-2.48E-18,19.08567393,0.043183353,19.08567393,2022 6 3,6300,1.60E+38,-6.24E+36,59733.25323,58.2532292,-16.72105966,0.043183353,0.033
2459734.728,r,8.77E-05,-4.11E-06,6.63E-17,-3.10E-18,19.0431322,0.052104819,19.0431322,2022 6 4,6300,1.66E+38,-7.80E+36,59734.22844,59.2284375,-16.76360139,0.052104819,0.033
2459734.782,i,0.000104724,-9.21E-06,5.16E-17,-4.54E-18,18.84995019,0.099894455,18.84995019,2022 6 4,7800,1.30E+38,-1.14E+37,59734.28191,59.2819097,-16.95678339,0.099894455,0.033
2459734.783,i,0.000103905,-7.04E-06,5.12E-17,-3.47E-18,18.85847516,0.076187649,18.85847516,2022 6 4,7800,1.29E+38,-8.72E+36,59734.28285,59.2828472,-16.94825843,0.076187649,0.033
2459734.802,g,3.09E-05,-2.47E-06,4.02E-17,-3.21E-18,20.17662736,0.090474761,20.17662736,2022 6 4,4800,1.01E+38,-8.07E+36,59734.30176,59.3017593,-15.63010623,0.090474761,0.033
2459735.776,g,2.79E-05,-2.87E-06,3.63E-17,-3.74E-18,20.28581855,0.117846638,20.28581855,2022 6 5,4800,9.13E+37,-9.39E+36,59735.27628,60.2762847,-15.52091503,0.117846638,0.033
2459736.72,r,7.54E-05,-3.07E-06,5.70E-17,-2.32E-18,19.20697656,0.045173811,19.20697656,2022 6 6,6300,1.43E+38,-5.83E+36,59736.21956,61.2195602,-16.59975702,0.045173811,0.033
2459736.778,g,2.38E-05,-2.67E-06,3.10E-17,-3.48E-18,20.45716769,0.129194133,20.45716769,2022 6 6,4800,7.80E+37,-8.75E+36,59736.27837,61.2783681,-15.3495659,0.129194133,0.033
2459737.697,g,3.27E-05,-3.79E-06,4.26E-17,-4.94E-18,20.11282796,0.133733109,20.11282796,2022 6 7,4800,1.07E+38,-1.24E+37,59737.19675,62.1967477,-15.69390563,0.133733109,0.033
2459737.714,r,7.00E-05,-3.74E-06,5.29E-17,-2.83E-18,19.28792572,0.059654623,19.28792572,2022 6 7,6300,1.33E+38,-7.10E+36,59737.21376,62.2137616,-16.51880786,0.059654623,0.033
2459737.745,i,7.83E-05,-5.41E-06,3.86E-17,-2.67E-18,19.16561189,0.077743879,19.16561189,2022 6 7,7800,9.70E+37,-6.70E+36,59737.24509,62.2450926,-16.6411217,0.077743879,0.033
2459737.76,i,8.76E-05,-5.54E-06,4.32E-17,-2.73E-18,19.04415502,0.070989781,19.04415502,2022 6 7,7800,1.08E+38,-6.87E+36,59737.26009,62.2600926,-16.76257856,0.070989781,0.033
2459738.719,g,1.67E-05,-3.48E-06,2.17E-17,-4.54E-18,20.84513246,0.254530933,20.84513246,2022 6 8,4800,5.45E+37,-1.14E+37,59738.21944,63.2194444,-14.96160113,0.254530933,0.033
2459738.758,r,5.56E-05,-3.72E-06,4.20E-17,-2.81E-18,19.53775543,0.075222832,19.53775543,2022 6 8,6300,1.06E+38,-7.06E+36,59738.25824,63.2582407,-16.26897816,0.075222832,0.033
2458879.046,o,1.30E-05,-3.61E-06,8.18E-18,-2.27E-18,21.11635983,0.353488671,21.11635983,2020 1 31,6900,2.06E+37,-5.71E+36,58878.54623,-796.453775,-14.69037376,0.353488671,0.033
2458885.114,c,1.02E-05,-2.51E-06,1.07E-17,-2.64E-18,21.38235502,0.30860435,21.38235502,2020 2 6,5350,2.68E+37,-6.62E+36,58884.61382,-790.386181,-14.42437857,0.30860435,0.033
2458956.937,c,1.31E-05,-3.32E-06,1.38E-17,-3.48E-18,21.10417491,0.316372627,21.10417491,2020 4 17,5350,3.46E+37,-8.74E+36,58956.4372,-718.562802,-14.70255867,0.316372627,0.033
2459378.838,c,8.00E-06,-2.27E-06,8.39E-18,-2.38E-18,21.64185523,0.361456968,21.64185523,2021 6 13,5350,2.11E+37,-5.97E+36,59378.33808,-296.661921,-14.16487835,0.361456968,0.033
2459671.914,c,2.07E-05,-4.72E-06,2.17E-17,-4.95E-18,20.61147366,0.281539393,20.61147366,2022 4 2,5350,5.44E+37,-1.24E+37,59671.41424,-3.5857615,-15.19525993,0.281539393,0.033
2459677.944,o,2.14E-05,-5.59E-06,1.35E-17,-3.52E-18,20.57257622,0.327871811,20.57257622,2022 4 8,6900,3.39E+37,-8.84E+36,59677.44369,2.4436895,-15.23415737,0.327871811,0.033
2459679.939,c,3.56E-05,-7.80E-06,3.73E-17,-8.17E-18,20.02153201,0.268475431,20.02153201,2022 4 10,5350,9.37E+37,-2.05E+37,59679.4393,4.439303,-15.78520158,0.268475431,0.033
2459682.002,o,4.74E-05,-9.68E-06,2.99E-17,-6.10E-18,19.71123651,0.248260063,19.71123651,2022 4 13,6900,7.50E+37,-1.53E+37,59681.50185,6.5018465,-16.09549708,0.248260063,0.033
2459682.926,o,5.52E-05,-5.90E-06,3.48E-17,-3.72E-18,19.54580753,0.122741255,19.54580753,2022 4 13,6900,8.73E+37,-9.34E+36,59682.42557,7.4255745,-16.26092606,0.122741255,0.033
2459683.974,o,2.76E-05,-7.49E-06,1.74E-17,-4.72E-18,20.29779869,0.343580643,20.29779869,2022 4 14,6900,4.37E+37,-1.19E+37,59683.47428,8.4742825,-15.50893489,0.343580643,0.033
2459687.907,o,4.10E-05,-7.84E-06,2.58E-17,-4.94E-18,19.86913236,0.230517743,19.86913236,2022 4 18,6900,6.48E+37,-1.24E+37,59687.4074,12.407401,-15.93760123,0.230517743,0.033
2459689.953,o,4.68E-05,-1.03E-05,2.95E-17,-6.46E-18,19.72520946,0.268615925,19.72520946,2022 4 20,6900,7.40E+37,-1.62E+37,59689.45329,14.453293,-16.08152412,0.268615925,0.033
2459693.899,o,6.33E-05,-1.16E-05,3.99E-17,-7.33E-18,19.39596732,0.220300923,19.39596732,2022 4 24,6900,1.00E+38,-1.84E+37,59693.39938,18.399378,-16.41076626,0.220300923,0.033
2459695.872,c,4.54E-05,-4.94E-06,4.76E-17,-5.18E-18,19.75790223,0.125181604,19.75790223,2022 4 26,5350,1.19E+38,-1.30E+37,59695.3717,20.3717,-16.04883136,0.125181604,0.033
2459697.986,o,5.74E-05,-8.79E-06,3.62E-17,-5.54E-18,19.50268882,0.18042938,19.50268882,2022 4 28,6900,9.09E+37,-1.39E+37,59697.48642,22.4864155,-16.30404476,0.18042938,0.033
2459699.965,c,5.85E-05,-1.47E-05,6.13E-17,-1.54E-17,19.48182597,0.313170686,19.48182597,2022 4 30,5350,1.54E+38,-3.86E+37,59699.46466,24.4646565,-16.32490761,0.313170686,0.033
2459709.937,o,0.00020825,-7.85E-06,1.31E-16,-4.95E-18,18.1036031,0.041708954,18.1036031,2022 5 10,6900,3.30E+38,-1.24E+37,59709.43672,34.4367185,-17.70313049,0.041708954,0.033
2459711.942,o,0.000227605,-1.29E-05,1.43E-16,-8.14E-18,18.00711188,0.063450334,18.00711188,2022 5 12,6900,3.60E+38,-2.05E+37,59711.44199,36.441988,-17.7996217,0.063450334,0.033
2459713.909,o,0.000248868,-1.60E-05,1.57E-16,-1.01E-17,17.9101445,0.072309356,17.9101445,2022 5 14,6900,3.94E+38,-2.54E+37,59713.40852,38.4085165,-17.89658908,0.072309356,0.033
2459715.925,o,0.000216302,-1.05E-05,1.36E-16,-6.62E-18,18.06241307,0.054073856,18.06241307,2022 5 16,6900,3.42E+38,-1.66E+37,59715.42464,40.424639,-17.74432052,0.054073856,0.033
2459717.915,o,0.000228568,-1.37E-05,1.44E-16,-8.64E-18,18.00252688,0.06718478,18.00252688,2022 5 18,6900,3.62E+38,-2.17E+37,59717.41505,42.4150545,-17.8042067,0.06718478,0.033
2459721.893,o,0.00018376,-6.01E-06,1.16E-16,-3.79E-18,18.23943599,0.036124893,18.23943599,2022 5 22,6900,2.91E+38,-9.52E+36,59721.39339,46.393388,-17.5672976,0.036124893,0.033
2459723.895,c,0.00013814,-5.18E-06,1.45E-16,-5.43E-18,18.54926613,0.04152862,18.54926613,2022 5 24,5350,3.64E+38,-1.37E+37,59723.39495,48.3949485,-17.25746746,0.04152862,0.033
2459725.865,o,0.000147484,-6.20E-06,9.29E-17,-3.91E-18,18.47820553,0.046645534,18.47820553,2022 5 26,6900,2.33E+38,-9.82E+36,59725.36481,50.364815,-17.32852806,0.046645534,0.033
2459727.867,c,0.000105563,-9.66E-06,1.11E-16,-1.01E-17,18.84129093,0.104143339,18.84129093,2022 5 28,5350,2.78E+38,-2.54E+37,59727.36741,52.3674085,-16.96544266,0.104143339,0.033
2459729.876,o,0.000120987,-6.36E-06,7.62E-17,-4.01E-18,18.69321507,0.058620316,18.69321507,2022 5 30,6900,1.92E+38,-1.01E+37,59729.37612,54.376118,-17.11351852,0.058620316,0.033
2459731.912,c,6.82E-05,-5.25E-06,7.15E-17,-5.51E-18,19.31565622,0.087018349,19.31565622,2022 6 1,5350,1.80E+38,-1.38E+37,59731.41166,56.4116635,-16.49107736,0.087018349,0.033
2459733.859,o,7.33E-05,-4.88E-06,4.62E-17,-3.07E-18,19.23795632,0.074771983,19.23795632,2022 6 3,6900,1.16E+38,-7.72E+36,59733.35923,58.359232,-16.56877727,0.074771983,0.033
2459735.842,o,7.94E-05,-6.21E-06,5.01E-17,-3.92E-18,19.14989885,0.088436823,19.14989885,2022 6 5,6900,1.26E+38,-9.84E+36,59735.34185,60.341855,-16.65683474,0.088436823,0.033
2459737.871,o,6.40E-05,-6.34E-06,4.04E-17,-4.00E-18,19.38388478,0.113252961,19.38388478,2022 6 7,6900,1.01E+38,-1.00E+37,59737.37148,62.371481,-16.42284881,0.113252961,0.033
2459739.869,o,4.07E-05,-6.50E-06,2.56E-17,-4.10E-18,19.8766722,0.189169954,19.8766722,2022 6 9,6900,6.44E+37,-1.03E+37,59739.36864,64.36864,-15.93006139,0.189169954,0.033
2459741.84,o,4.00E-05,-9.01E-06,2.52E-17,-5.67E-18,19.89547096,0.277118502,19.89547096,2022 6 11,6900,6.33E+37,-1.43E+37,59741.3399,66.339904,-15.91126263,0.277118502,0.033
2459745.844,o,3.34E-05,-7.44E-06,2.11E-17,-4.69E-18,20.08910076,0.273355231,20.08910076,2022 6 15,6900,5.30E+37,-1.18E+37,59745.34396,70.343961,-15.71763282,0.273355231,0.033
2459749.838,o,2.77E-05,-4.52E-06,1.74E-17,-2.85E-18,20.29562604,0.193793929,20.29562604,2022 6 19,6900,4.38E+37,-7.16E+36,59749.33831,74.338314,-15.51110755,0.193793929,0.033
2459751.823,c,2.38E-05,-4.03E-06,2.50E-17,-4.23E-18,20.45840072,0.201470481,20.45840072,2022 6 21,5350,6.27E+37,-1.06E+37,59751.32283,76.3228315,-15.34833287,0.201470481,0.033
2459757.809,o,2.77E-05,-5.37E-06,1.74E-17,-3.38E-18,20.2949463,0.234180876,20.2949463,2022 6 27,6900,4.38E+37,-8.50E+36,59757.30863,82.308633,-15.51178729,0.234180876,0.033
