jd,mjd,mag,emag,corrmag,filter,UTC,redshift
2459968.011,59967.511,18.05489972,0.094162002,18.9620963,ZTF_r,2023-01-23T12:15:50Z,0.025
2459968.011,59967.511,18.05486153,0.094161935,18.96205888,ZTF_r,2023-01-23T12:15:50Z,0.025
2459969.996,59969.49644,18.23271591,0.063452244,19.56848424,ZTF_r,2023-01-25T11:54:52Z,0.025
2459969.996,59969.49644,18.23270041,0.063451998,19.56847294,ZTF_r,2023-01-25T11:54:52Z,0.025
2459970.015,59969.51514,19.19171561,0.116821133,19.86479787,ZTF_g,2023-01-25T12:21:48Z,0.025
2459970.015,59969.51514,19.19170033,0.116820998,19.86478383,ZTF_g,2023-01-25T12:21:48Z,0.025
2459972.013,59971.51296,18.25242239,0.023250038,20.67824902,ZTF_r,2023-01-27T12:18:40Z,0.025
2459972.013,59971.51296,18.25239967,0.023250001,20.67822804,ZTF_r,2023-01-27T12:18:40Z,0.025
2459972.018,59971.51752,18.23313406,0.047007422,19.89460376,sdssr,2023-01-27T12:25:13Z,0.025
2459973.018,59972.51772,18.19843302,0.066694938,19.48008664,ZTF_r,2023-01-28T12:25:30Z,0.025
2459973.018,59972.51772,18.1984009,0.066694997,19.48005354,ZTF_r,2023-01-28T12:25:30Z,0.025
2459973.029,59972.52885,19.30684487,0.14503102,19.74507841,ZTF_g,2023-01-28T12:41:33Z,0.025
2459973.029,59972.52885,19.30680113,0.145031005,19.74503478,ZTF_g,2023-01-28T12:41:33Z,0.025
2459979.994,59979.49384,18.43234074,0.081981376,19.48993852,ZTF_r,2023-02-04T11:51:08Z,0.025
2459979.994,59979.49384,18.43230079,0.081981003,19.4899035,ZTF_r,2023-02-04T11:51:08Z,0.025
2459984.062,59983.56175,18.61450207,0.059210736,20.0253867,ZTF_r,2023-02-08T13:28:55Z,0.025
2459985.014,59984.51388,18.62260055,0.116052002,19.30285475,ZTF_r,2023-02-09T12:19:58Z,0.025
2459985.014,59984.51388,18.62259696,0.116052188,19.30284941,ZTF_r,2023-02-09T12:19:58Z,0.025
2459987.998,59987.49777,18.71030046,0.108402997,19.46458302,ZTF_r,2023-02-12T11:56:46Z,0.025
2459987.998,59987.49777,18.71029865,0.108402573,19.46458547,ZTF_r,2023-02-12T11:56:46Z,0.025
2459993.959,59993.45855,18.74049976,0.103348002,19.54663034,ZTF_r,2023-02-18T11:00:18Z,0.025
2459993.959,59993.45855,18.74047473,0.103348464,19.54660046,ZTF_r,2023-02-18T11:00:18Z,0.025
2459993.969,59993.46868,19.75900094,0.245335996,19.62648354,ZTF_g,2023-02-18T11:14:54Z,0.025
2459996.969,59996.46946,20.19059969,0.227533996,20.13986974,ZTF_g,2023-02-21T11:16:00Z,0.025
2459997.013,59996.51251,18.81472781,0.093588673,19.72855538,ZTF_r,2023-02-21T12:18:01Z,0.025
2459997.013,59996.51251,18.81469917,0.093589,19.72852294,ZTF_r,2023-02-21T12:18:01Z,0.025
2460020.869,60020.36887,18.94934106,0.067258805,20.22185398,ZTF_r,2023-03-17T08:51:09Z,0.025
2460020.869,60020.36887,18.94930109,0.067258999,20.22181089,ZTF_r,2023-03-17T08:51:09Z,0.025
2460021.006,60020.50568,19.88069935,0.189796001,20.0268675,ZTF_g,2023-03-17T12:08:11Z,0.025
2460021.006,60020.50568,19.88065551,0.189796388,20.02682144,ZTF_g,2023-03-17T12:08:11Z,0.025
2460029.974,60029.4742,18.95174067,0.085641786,19.96191216,ZTF_r,2023-03-26T11:22:51Z,0.025
2460029.974,60029.4742,18.95170045,0.085642003,19.9618692,ZTF_r,2023-03-26T11:22:51Z,0.025
2460030.997,60030.49662,18.82954434,0.118351035,19.48849998,ZTF_i,2023-03-27T11:55:08Z,0.025
2460030.997,60030.49662,18.82950025,0.118350998,19.48845623,ZTF_i,2023-03-27T11:55:08Z,0.025
2460032.883,60032.38274,18.95722792,0.096734084,19.8351649,ZTF_r,2023-03-29T09:11:09Z,0.025
2460032.883,60032.38274,18.95719928,0.096734002,19.83513718,ZTF_r,2023-03-29T09:11:09Z,0.025
2460042.932,60042.43203,19.01162367,0.115411922,19.69788277,ZTF_r,2023-04-08T10:22:07Z,0.025
2460042.932,60042.43203,19.01160072,0.115411997,19.69785912,ZTF_r,2023-04-08T10:22:07Z,0.025
2460043.928,60043.42833,18.90460062,0.094425,19.80876892,ZTF_i,2023-04-09T10:16:47Z,0.025
2460043.928,60043.42833,18.90459671,0.094424888,19.8087663,ZTF_i,2023-04-09T10:16:47Z,0.025
2460044.884,60044.3838,19.01510072,0.085635997,20.02534561,ZTF_r,2023-04-10T09:12:40Z,0.025
2460044.884,60044.3838,19.01507604,0.085635565,20.02532641,ZTF_r,2023-04-10T09:12:40Z,0.025
2460044.967,60044.46698,20.06640094,0.201763004,20.14618289,ZTF_g,2023-04-10T11:12:27Z,0.025
2460044.967,60044.46698,20.06636068,0.201762617,20.14614471,ZTF_g,2023-04-10T11:12:27Z,0.025
2460045.956,60045.45613,19.01202428,0.071669757,20.21557024,ZTF_r,2023-04-11T10:56:50Z,0.025
2460045.956,60045.45613,19.01199949,0.071670003,20.21554172,ZTF_r,2023-04-11T10:56:50Z,0.025
2460045.957,60045.45661,18.94821004,0.092484459,19.87492393,ZTF_r,2023-04-11T10:57:31Z,0.025
2460045.957,60045.45661,18.94820051,0.092483997,19.87491982,ZTF_r,2023-04-11T10:57:31Z,0.025
2460046.883,60046.38322,18.92120019,0.082538001,19.97145111,ZTF_r,2023-04-12T09:11:50Z,0.025
2460046.883,60046.38322,18.92116945,0.082537837,19.97142252,ZTF_r,2023-04-12T09:11:50Z,0.025
2460050.924,60050.42358,17.92810099,0.041653,19.72087107,ZTF_i,2023-04-16T10:09:57Z,0.025
2460050.924,60050.42358,17.92807412,0.04165281,19.72084915,ZTF_i,2023-04-16T10:09:57Z,0.025
2460051.866,60051.36594,18.74189984,0.071479999,19.94832429,ZTF_g,2023-04-17T08:46:56Z,0.025
2460051.866,60051.36594,18.74186174,0.071480416,19.94827986,ZTF_g,2023-04-17T08:46:56Z,0.025
2460051.947,60051.44704,17.77330055,0.051031001,19.34560113,ZTF_r,2023-04-17T10:43:43Z,0.025
2460051.947,60051.44704,17.77328929,0.051031459,19.34558011,ZTF_r,2023-04-17T10:43:43Z,0.025
2460053.912,60053.41176,17.34370068,0.049180999,18.95609309,ZTF_i,2023-04-19T09:52:56Z,0.025
2460053.912,60053.41176,17.34369112,0.049181417,18.95607432,ZTF_i,2023-04-19T09:52:56Z,0.025
2460053.933,60053.43279,17.45719926,0.037852,19.35386296,ZTF_r,2023-04-19T10:23:13Z,0.025
2460053.933,60053.43279,17.45715575,0.037852064,19.35381763,ZTF_r,2023-04-19T10:23:13Z,0.025
2460053.974,60053.47358,18.16293195,0.066131748,19.45379273,ZTF_g,2023-04-19T11:21:57Z,0.025
2460053.974,60053.47358,18.16290094,0.066132002,19.45375756,ZTF_g,2023-04-19T11:21:57Z,0.025
2460056.765,60056.26502,17.00076571,0.025434016,19.32911414,sdssr,2023-04-22T06:21:38Z,0.025
2460056.839,60056.33913,17.07824363,0.038303103,18.96204452,ZTF_r,2023-04-22T08:08:20Z,0.025
2460056.839,60056.33913,17.07819957,0.038302999,18.96200342,ZTF_r,2023-04-22T08:08:20Z,0.025
2460056.905,60056.40457,16.92374419,0.029188666,19.10259435,ZTF_i,2023-04-22T09:42:35Z,0.025
2460056.905,60056.40457,16.92370072,0.029189,19.10253847,ZTF_i,2023-04-22T09:42:35Z,0.025
2460056.952,60056.4517,17.60004829,0.049169768,19.21268869,ZTF_g,2023-04-22T10:50:27Z,0.025
2460056.952,60056.4517,17.60000066,0.049169999,19.21263596,ZTF_g,2023-04-22T10:50:27Z,0.025
2460057.765,60057.26532,16.90904009,0.022195397,19.38526857,sdssr,2023-04-23T06:22:03Z,0.025
2460058.812,60058.31234,16.85454982,0.020665423,19.40832484,sdssr,2023-04-24T07:29:46Z,0.025
2460058.834,60058.33416,17.31135071,0.024971957,19.65960505,sdssg,2023-04-24T08:01:11Z,0.025
2460058.836,60058.3358,16.80703605,0.013064919,19.85865506,sdssr,2023-04-24T08:03:32Z,0.025
2460058.837,60058.33743,16.72107728,0.020172618,19.30105739,sdssi,2023-04-24T08:05:54Z,0.025
2460058.845,60058.34539,17.27434587,0.039532475,19.12384664,ZTF_g,2023-04-24T08:17:21Z,0.025
2460058.845,60058.34539,17.27429998,0.039531998,19.12381385,ZTF_g,2023-04-24T08:17:21Z,0.025
2460058.924,60058.4237,16.87080041,0.044296999,18.59675045,ZTF_r,2023-04-24T10:10:07Z,0.025
2460058.924,60058.4237,16.87075451,0.044296686,18.59671221,ZTF_r,2023-04-24T10:10:07Z,0.025
2460060.864,60060.36363,16.69339965,0.032111999,18.7686171,ZTF_i,2023-04-26T08:43:38Z,0.025
2460060.864,60060.36363,16.69339791,0.032112442,18.76860037,ZTF_i,2023-04-26T08:43:38Z,0.025
2460060.906,60060.40551,17.06370007,0.037811,18.96154045,ZTF_g,2023-04-26T09:43:56Z,0.025
2460060.906,60060.40551,17.06368102,0.037811026,18.96152065,ZTF_g,2023-04-26T09:43:56Z,0.025
2460060.967,60060.46707,16.74274103,0.030068183,18.88935884,ZTF_r,2023-04-26T11:12:35Z,0.025
2460060.967,60060.46707,16.74270105,0.030068001,18.88932545,ZTF_r,2023-04-26T11:12:35Z,0.025
2460062.764,60062.26384,16.63863263,0.024881189,18.9908406,sdssr,2023-04-28T06:19:55Z,0.025
2460062.786,60062.28567,16.94557868,0.028530492,19.1491913,sdssg,2023-04-28T06:51:21Z,0.025
2460062.787,60062.28734,16.59989589,0.014749236,19.51985785,sdssr,2023-04-28T06:53:46Z,0.025
2460062.789,60062.28897,16.52967227,0.019917753,19.12345721,sdssi,2023-04-28T06:56:06Z,0.025
2460062.954,60062.4536,16.98420007,0.040684,18.80252676,ZTF_g,2023-04-28T10:53:10Z,0.025
2460062.954,60062.4536,16.98418452,0.040683802,18.80251648,ZTF_g,2023-04-28T10:53:10Z,0.025
2460062.977,60062.47675,16.66609954,0.038541,18.54317787,ZTF_r,2023-04-28T11:26:31Z,0.025
2460062.977,60062.47675,16.6660942,0.038540959,18.54317369,ZTF_r,2023-04-28T11:26:31Z,0.025
2460063.845,60063.34536,16.61479966,0.037427001,18.52372289,ZTF_r,2023-04-29T08:17:19Z,0.025
2460063.845,60063.34536,16.61478238,0.037427161,18.52370096,ZTF_r,2023-04-29T08:17:19Z,0.025
2460063.846,60063.34583,16.60470025,0.032166999,18.67805968,ZTF_r,2023-04-29T08:17:59Z,0.025
2460063.846,60063.34583,16.60468536,0.032167286,18.67803511,ZTF_r,2023-04-29T08:17:59Z,0.025
2460064.869,60064.36924,16.58851813,0.034474134,18.58667049,ZTF_r,2023-04-30T08:51:41Z,0.025
2460064.869,60064.36924,16.58849905,0.034474,18.58665564,ZTF_r,2023-04-30T08:51:41Z,0.025
2460064.87,60064.36971,16.59331336,0.031940583,18.67434204,ZTF_r,2023-04-30T08:52:22Z,0.025
2460064.87,60064.36971,16.59330021,0.031941,18.67431472,ZTF_r,2023-04-30T08:52:22Z,0.025
2460065.883,60065.38321,16.5461011,0.023025,18.98248777,ZTF_i,2023-05-01T09:11:48Z,0.025
2460065.883,60065.38321,16.54606061,0.02302476,18.98245861,ZTF_i,2023-05-01T09:11:48Z,0.025
2460065.938,60065.43775,16.58729981,0.028944001,18.7752892,ZTF_r,2023-05-01T10:30:21Z,0.025
2460065.938,60065.43775,16.58727658,0.02894436,18.77525249,ZTF_r,2023-05-01T10:30:21Z,0.025
2460065.949,60065.44942,16.83819962,0.034373999,18.83951027,ZTF_g,2023-05-01T10:47:10Z,0.025
2460065.949,60065.44942,16.83817343,0.034374118,18.83948032,ZTF_g,2023-05-01T10:47:10Z,0.025
2460071.9,60071.40003,16.50396975,0.033144162,18.54483794,sdssr,2023-05-07T09:36:02Z,0.025
2460071.922,60071.42191,16.76290931,0.04203546,18.54575558,sdssg,2023-05-07T10:07:32Z,0.025
2460071.924,60071.4236,16.51710537,0.020424208,19.08362811,sdssr,2023-05-07T10:09:59Z,0.025
2460071.925,60071.42523,16.46632002,0.025354247,18.79807902,sdssi,2023-05-07T10:12:19Z,0.025
2460073.784,60073.2842,16.75810054,0.035762001,18.71643181,ZTF_g,2023-05-09T06:49:15Z,0.025
2460073.784,60073.2842,16.75809096,0.035762012,18.71642188,ZTF_g,2023-05-09T06:49:15Z,0.025
2460073.915,60073.41498,16.52431321,0.031273443,18.62825975,ZTF_r,2023-05-09T09:57:34Z,0.025
2460073.915,60073.41498,16.52430014,0.031273,18.62826206,ZTF_r,2023-05-09T09:57:34Z,0.025
2460073.955,60073.4552,16.4986004,0.026249999,18.79266295,ZTF_i,2023-05-09T10:55:29Z,0.025
2460073.955,60073.4552,16.49856578,0.026250249,18.79261801,ZTF_i,2023-05-09T10:55:29Z,0.025
2460075.876,60075.37581,16.47838287,0.023032268,18.9144269,sdssr,2023-05-11T09:01:10Z,0.025
2460075.898,60075.39771,16.7286635,0.028533049,18.93217884,sdssg,2023-05-11T09:32:42Z,0.025
2460075.899,60075.39935,16.46766615,0.011971222,19.61420576,sdssr,2023-05-11T09:35:03Z,0.025
2460075.901,60075.40103,16.50416023,0.020714843,19.05534191,sdssi,2023-05-11T09:37:29Z,0.025
2460076.967,60076.4671,19.2639,0.0989,21.4105,uvot::uvw1,2023-05-12T11:12:37Z,0.025
2460076.969,60076.4691,17.5134,0.0635,20.508,uvot::u,2023-05-12T11:15:30Z,0.025
2460076.97,60076.4702,16.806,0.0562,19.7392,uvot::b,2023-05-12T11:17:05Z,0.025
2460076.973,60076.4733,20.5418,0.1376,22.0796,uvot::uvw2,2023-05-12T11:21:33Z,0.025
2460076.976,60076.4763,16.4228,0.0774,18.8804,uvot::v,2023-05-12T11:25:52Z,0.025
2460076.981,60076.4808,20.3148,0.123,22.0492,uvot::uvm2,2023-05-12T11:32:21Z,0.025
2460077.861,60077.36137,16.51440102,0.020850999,19.05846962,ZTF_i,2023-05-13T08:40:21Z,0.025
2460077.861,60077.36137,16.5143628,0.020850534,19.05845566,ZTF_i,2023-05-13T08:40:21Z,0.025
2460077.906,60077.40567,16.81634916,0.035861626,18.77166,ZTF_g,2023-05-13T09:44:10Z,0.025
2460077.906,60077.40567,16.81629966,0.035861999,18.77159922,ZTF_g,2023-05-13T09:44:10Z,0.025
2460077.945,60077.44487,16.54140131,0.031729002,18.62964609,ZTF_r,2023-05-13T10:40:37Z,0.025
2460077.945,60077.44487,16.54135542,0.031729072,18.62959777,ZTF_r,2023-05-13T10:40:37Z,0.025
2460078.164,60077.664,19.166,0.0939,21.4486,uvot::uvw1,2023-05-13T15:56:09Z,0.025
2460078.165,60077.6651,17.4163,0.0613,20.5019,uvot::u,2023-05-13T15:57:44Z,0.025
2460078.166,60077.6656,16.7412,0.0549,19.7412,uvot::b,2023-05-13T15:58:27Z,0.025
2460078.167,60077.6671,20.1399,0.1106,22.1021,uvot::uvw2,2023-05-13T16:00:37Z,0.025
2460078.169,60077.6687,16.5834,0.0842,18.8769,uvot::v,2023-05-13T16:02:55Z,0.025
2460078.171,60077.6707,20.333,0.1245,22.0538,uvot::uvm2,2023-05-13T16:05:48Z,0.025
2460079.862,60079.3623,16.80610134,0.047432002,18.4578085,ZTF_g,2023-05-15T08:41:42Z,0.025
2460079.862,60079.3623,16.8060918,0.04743243,18.45778915,ZTF_g,2023-05-15T08:41:42Z,0.025
2460079.92,60079.4201,16.56550067,0.030517001,18.69603184,ZTF_r,2023-05-15T10:04:57Z,0.025
2460079.92,60079.4201,16.56549465,0.030516705,18.69603636,ZTF_r,2023-05-15T10:04:57Z,0.025
2460080.206,60079.7057,19.2196,0.0844,21.6349,uvot::uvw1,2023-05-15T16:56:12Z,0.025
2460080.207,60079.7073,17.5587,0.0577,20.6971,uvot::u,2023-05-15T16:58:30Z,0.025
2460080.208,60079.7081,16.8598,0.0512,19.9247,uvot::b,2023-05-15T16:59:39Z,0.025
2460080.21,60079.7097,20.5555,0.1207,22.2852,uvot::uvw2,2023-05-15T17:01:58Z,0.025
2460080.212,60079.7121,16.4351,0.0689,19.0616,uvot::v,2023-05-15T17:05:25Z,0.025
2460080.214,60079.7143,20.4859,0.1184,22.2551,uvot::uvm2,2023-05-15T17:08:35Z,0.025
2460081.781,60081.28086,16.88926706,0.023127465,19.32083277,sdssg,2023-05-17T06:44:26Z,0.025
2460081.782,60081.28249,16.53999067,0.014821695,19.45463176,sdssr,2023-05-17T06:46:47Z,0.025
2460081.784,60081.28413,16.56130245,0.019588615,19.17317893,sdssi,2023-05-17T06:49:08Z,0.025
2460082.353,60081.8525,19.4655,0.1048,21.4617,uvot::uvw1,2023-05-17T20:27:36Z,0.025
2460082.354,60081.854,17.5772,0.0626,20.5697,uvot::u,2023-05-17T20:29:45Z,0.025
2460082.355,60081.8546,16.9492,0.0574,19.8169,uvot::b,2023-05-17T20:30:37Z,0.025
2460082.356,60081.8558,20.5459,0.1313,22.1464,uvot::uvw2,2023-05-17T20:32:21Z,0.025
2460082.358,60081.858,16.6278,0.0818,18.9552,uvot::v,2023-05-17T20:35:31Z,0.025
2460082.36,60081.8596,20.634,0.1362,22.2008,uvot::uvm2,2023-05-17T20:37:49Z,0.025
2460082.798,60082.29784,16.28350098,0.059877999,17.68221857,ZTF_i,2023-05-18T07:08:52Z,0.025
2460082.865,60082.3645,16.58724981,0.028400479,18.79582144,ZTF_r,2023-05-18T08:44:52Z,0.025
2460082.865,60082.3645,16.58720028,0.0284,18.79579021,ZTF_r,2023-05-18T08:44:52Z,0.025
2460082.898,60082.39779,16.93239999,0.041315999,18.73399014,ZTF_g,2023-05-18T09:32:49Z,0.025
2460082.898,60082.39779,16.93238095,0.04131617,18.73396659,ZTF_g,2023-05-18T09:32:49Z,0.025
2460083.747,60083.2469,17.6481,0.077,20.2976,uvot::u,2023-05-19T05:55:32Z,0.025
2460083.747,60083.2473,16.9752,0.0692,19.582,uvot::b,2023-05-19T05:56:06Z,0.025
2460083.749,60083.2487,20.4578,0.1509,21.8767,uvot::uvw2,2023-05-19T05:58:07Z,0.025
2460083.75,60083.2497,16.6106,0.0972,18.7021,uvot::v,2023-05-19T05:59:34Z,0.025
2460083.752,60083.2519,20.5014,0.158,21.8405,uvot::uvm2,2023-05-19T06:02:44Z,0.025
2460084.108,60083.6075,19.4777,0.1014,21.5535,uvot::uvw1,2023-05-19T14:34:47Z,0.025
2460084.862,60084.36214,16.91920121,0.037349999,18.83036052,ZTF_g,2023-05-20T08:41:28Z,0.025
2460084.862,60084.36214,16.91917609,0.037350286,18.83032706,ZTF_g,2023-05-20T08:41:28Z,0.025
2460085.8,60085.29998,16.61930098,0.026425,18.90614926,ZTF_i,2023-05-21T07:11:58Z,0.025
2460085.8,60085.29998,16.6192837,0.02642514,18.90612625,ZTF_i,2023-05-21T07:11:58Z,0.025
2460085.838,60085.3382,19.5186,0.1122,21.456,uvot::uvw1,2023-05-21T08:07:00Z,0.025
2460085.934,60085.4338,17.7692,0.0932,20.1258,uvot::u,2023-05-21T10:24:40Z,0.025
2460085.934,60085.4342,17.0445,0.0825,19.3841,uvot::b,2023-05-21T10:25:14Z,0.025
2460085.935,60085.435,20.3749,0.1657,21.6915,uvot::uvw2,2023-05-21T10:26:23Z,0.025
2460085.936,60085.4359,16.6254,0.1133,18.4946,uvot::v,2023-05-21T10:27:41Z,0.025
2460085.937,60085.437,20.7829,0.2166,21.6245,uvot::uvm2,2023-05-21T10:29:16Z,0.025
2460086.911,60086.41072,16.64520098,0.031713001,18.7339934,ZTF_r,2023-05-22T09:51:26Z,0.025
2460086.911,60086.41072,16.64515513,0.031713113,18.73394373,ZTF_r,2023-05-22T09:51:26Z,0.025
2460086.934,60086.43384,16.96481544,0.033151262,19.00545108,ZTF_g,2023-05-22T10:24:44Z,0.025
2460086.934,60086.43384,16.96479994,0.033151001,19.00544412,ZTF_g,2023-05-22T10:24:44Z,0.025
2460087.9,60087.40041,16.62873619,0.020999114,19.16511955,sdssr,2023-05-23T09:36:35Z,0.025
2460087.922,60087.42232,17.01712501,0.023985469,19.40914028,sdssg,2023-05-23T10:08:08Z,0.025
2460087.924,60087.42396,16.66950751,0.012704106,19.751533,sdssr,2023-05-23T10:10:30Z,0.025
2460087.926,60087.42559,16.67875638,0.022013369,19.16392587,sdssi,2023-05-23T10:12:51Z,0.025
2460088.844,60088.34383,16.67232352,0.020363746,19.24206512,ZTF_i,2023-05-24T08:15:06Z,0.025
2460088.844,60088.34383,16.67230087,0.020364,19.24202896,ZTF_i,2023-05-24T08:15:06Z,0.025
2460089.925,60089.42459,17.0807095,0.042036522,18.86352835,ZTF_g,2023-05-25T10:11:24Z,0.025
2460089.925,60089.42459,17.08069995,0.042036999,18.86350648,ZTF_g,2023-05-25T10:11:24Z,0.025
2460091.89,60091.39009,16.77822124,0.034829997,18.76522345,ZTF_r,2023-05-27T09:21:44Z,0.025
2460091.89,60091.39009,16.7782004,0.03483,18.7652025,ZTF_r,2023-05-27T09:21:44Z,0.025
2460091.935,60091.43522,17.1120073,0.045577995,18.80700503,ZTF_g,2023-05-27T10:26:42Z,0.025
2460091.935,60091.43522,17.11199951,0.045577999,18.80699716,ZTF_g,2023-05-27T10:26:42Z,0.025
2460091.946,60091.44649,16.77169995,0.022948001,19.21172361,ZTF_i,2023-05-27T10:42:57Z,0.025
2460091.946,60091.44649,16.77165049,0.022948103,19.2116693,ZTF_i,2023-05-27T10:42:57Z,0.025
2460092.781,60092.28104,16.79230166,0.03558008,18.75617015,ZTF_r,2023-05-28T06:44:42Z,0.025
2460092.781,60092.28104,16.79229928,0.035580002,18.75617016,ZTF_r,2023-05-28T06:44:42Z,0.025
2460092.804,60092.30441,17.1149464,0.039773729,18.95784142,ZTF_g,2023-05-28T07:18:20Z,0.025
2460092.804,60092.30441,17.11490108,0.039774001,18.95778868,ZTF_g,2023-05-28T07:18:20Z,0.025
2460093.871,60093.37112,16.77254867,0.035656661,18.73408279,ZTF_r,2023-05-29T08:54:25Z,0.025
2460093.871,60093.37112,16.77249927,0.035657,18.73402306,ZTF_r,2023-05-29T08:54:25Z,0.025
2460093.872,60093.37159,16.76490019,0.035041999,18.74531379,ZTF_r,2023-05-29T08:55:04Z,0.025
2460093.872,60093.37159,16.7648949,0.035042331,18.74529824,ZTF_r,2023-05-29T08:55:04Z,0.025
2460094.803,60094.303,16.83700036,0.024205999,19.2190786,ZTF_i,2023-05-30T07:16:19Z,0.025
2460094.803,60094.303,16.8369849,0.024206495,19.21904092,ZTF_i,2023-05-30T07:16:19Z,0.025
2460097.782,60097.28245,16.87990025,0.032885,18.92929142,ZTF_r,2023-06-02T06:46:43Z,0.025
2460097.782,60097.28245,16.87988479,0.032885175,18.92927018,ZTF_r,2023-06-02T06:46:43Z,0.025
2460097.783,60097.28292,16.8873997,0.032419,18.95228646,ZTF_r,2023-06-02T06:47:24Z,0.025
2460097.783,60097.28292,16.88736389,0.032418806,18.95225714,ZTF_r,2023-06-02T06:47:24Z,0.025
2460097.912,60097.41205,16.9400997,0.036548998,18.87479679,ZTF_i,2023-06-02T09:53:20Z,0.025
2460097.912,60097.41205,16.94006395,0.036548976,18.87476171,ZTF_i,2023-06-02T09:53:20Z,0.025
2460097.927,60097.42715,17.35510062,0.039786,19.19766072,ZTF_g,2023-06-02T10:15:06Z,0.025
2460097.927,60097.42715,17.35505718,0.039786004,19.19761718,ZTF_g,2023-06-02T10:15:06Z,0.025
2460099.864,60099.36396,16.96320017,0.037987001,18.85599843,ZTF_r,2023-06-04T08:44:05Z,0.025
2460099.864,60099.36396,16.96315597,0.037987094,18.85595157,ZTF_r,2023-06-04T08:44:05Z,0.025
2460099.921,60099.42126,17.35980048,0.050496999,18.94352234,ZTF_g,2023-06-04T10:06:37Z,0.025
2460099.921,60099.42126,17.35978139,0.050496854,18.94350638,ZTF_g,2023-06-04T10:06:37Z,0.025
2460100.911,60100.41051,16.96920055,0.031895,19.0517798,ZTF_i,2023-06-05T09:51:08Z,0.025
2460100.911,60100.41051,16.96917726,0.031894941,19.05175855,ZTF_i,2023-06-05T09:51:08Z,0.025
2460101.859,60101.35896,17.03960072,0.047504,18.68966105,ZTF_r,2023-06-06T08:36:53Z,0.025
2460101.859,60101.35896,17.03959893,0.047503971,18.68965994,ZTF_r,2023-06-06T08:36:53Z,0.025
2460101.95,60101.44999,17.50930026,0.056993,18.96163225,ZTF_g,2023-06-06T10:47:58Z,0.025
2460101.95,60101.44999,17.50929851,0.05699316,18.96162745,ZTF_g,2023-06-06T10:47:58Z,0.025
2460103.683,60103.18342,16.98687396,0.02242585,19.45188749,sdssr,2023-06-08T04:24:07Z,0.025
2460103.705,60103.20525,17.53440457,0.02723234,19.78857796,sdssg,2023-06-08T04:55:33Z,0.025
2460103.707,60103.20689,16.99404126,0.011780994,20.15797222,sdssr,2023-06-08T04:57:55Z,0.025
2460103.709,60103.20853,16.99491741,0.01838181,19.67583249,sdssi,2023-06-08T05:00:17Z,0.025
2460103.956,60103.4563,17.11484744,0.041925564,18.90053594,ZTF_i,2023-06-08T10:57:04Z,0.025
2460103.956,60103.4563,17.11479983,0.041926,18.90047703,ZTF_i,2023-06-08T10:57:04Z,0.025
2460104.867,60104.36745,17.1253378,0.031570986,19.21900323,ZTF_r,2023-06-09T08:49:07Z,0.025
2460104.867,60104.36745,17.12529967,0.031571001,19.21896459,ZTF_r,2023-06-09T08:49:07Z,0.025
2460108.772,60108.27198,17.71321822,0.027196238,19.96883191,sdssg,2023-06-13T06:31:38Z,0.025
2460108.774,60108.27361,17.17874218,0.013268373,20.21358382,sdssr,2023-06-13T06:34:00Z,0.025
2460108.775,60108.27524,17.12048776,0.022077789,19.60248459,sdssi,2023-06-13T06:36:21Z,0.025
2460109.762,60109.26233,17.26429955,0.025467999,19.59119827,ZTF_i,2023-06-14T06:17:45Z,0.025
2460109.762,60109.26233,17.26427686,0.025467768,19.59118542,ZTF_i,2023-06-14T06:17:45Z,0.025
2460109.846,60109.34551,17.28290992,0.043820322,19.0206068,ZTF_r,2023-06-14T08:17:32Z,0.025
2460109.846,60109.34551,17.28290035,0.043820001,19.02060518,ZTF_r,2023-06-14T08:17:32Z,0.025
2460111.93,60111.42958,17.83840009,0.044661999,19.55544049,ZTF_g,2023-06-16T10:18:35Z,0.025
2460111.93,60111.42958,17.83839834,0.044661634,19.55544762,ZTF_g,2023-06-16T10:18:35Z,0.025
2460112.82,60112.31994,17.34021377,0.044429563,19.06291946,ZTF_i,2023-06-17T07:40:42Z,0.025
2460112.82,60112.31994,17.3402007,0.044429999,19.06289573,ZTF_i,2023-06-17T07:40:42Z,0.025
2460114.791,60114.2912,17.97784464,0.055925578,19.45070423,ZTF_g,2023-06-19T06:59:19Z,0.025
2460114.791,60114.2912,17.9778005,0.055925999,19.45065192,ZTF_g,2023-06-19T06:59:19Z,0.025
2460114.849,60114.34869,17.48010114,0.035457999,19.44770138,ZTF_r,2023-06-19T08:22:06Z,0.025
2460114.849,60114.34869,17.48009164,0.03545795,19.44769337,ZTF_r,2023-06-19T08:22:06Z,0.025
2460115.782,60115.2824,17.44453866,0.030105064,19.58982557,ZTF_i,2023-06-20T06:46:38Z,0.025
2460115.782,60115.2824,17.4445005,0.030105,19.5897897,ZTF_i,2023-06-20T06:46:38Z,0.025
2460116.744,60116.24389,17.54483558,0.026621284,19.82364887,sdssr,2023-06-21T05:51:12Z,0.025
2460116.766,60116.26575,18.09399106,0.027505864,20.33731363,sdssg,2023-06-21T06:22:40Z,0.025
2460116.767,60116.26738,17.50878964,0.015178854,20.397578,sdssr,2023-06-21T06:25:01Z,0.025
2460116.769,60116.26902,17.48553064,0.020259228,20.0608592,sdssi,2023-06-21T06:27:23Z,0.025
2460116.778,60116.27816,17.58390086,0.045088001,19.29063421,ZTF_r,2023-06-21T06:40:32Z,0.025
2460116.778,60116.27816,17.58387405,0.045088291,19.2906004,ZTF_r,2023-06-21T06:40:32Z,0.025
2460116.843,60116.34286,18.04314446,0.060682494,19.42737169,ZTF_g,2023-06-21T08:13:43Z,0.025
2460116.843,60116.34286,18.04310036,0.060681999,19.42733646,ZTF_g,2023-06-21T08:13:43Z,0.025
2460118.786,60118.28559,17.62350096,0.044638,19.34112492,ZTF_i,2023-06-23T06:51:15Z,0.025
2460118.786,60118.28559,17.62346108,0.044638187,19.34108051,ZTF_i,2023-06-23T06:51:15Z,0.025
2460118.866,60118.36563,17.70291347,0.04214599,19.48290862,ZTF_r,2023-06-23T08:46:30Z,0.025
2460118.866,60118.36563,17.70290027,0.042146001,19.48289513,ZTF_r,2023-06-23T08:46:30Z,0.025
2460118.904,60118.40389,18.12649922,0.075631998,19.27162107,ZTF_g,2023-06-23T09:41:36Z,0.025
2460118.904,60118.40389,18.12645746,0.075632155,19.27157706,ZTF_g,2023-06-23T09:41:36Z,0.025
2460120.818,60120.3182,17.77319999,0.02516655,20.11302658,sdssr,2023-06-25T07:38:12Z,0.025
2460120.84,60120.34007,18.28845563,0.025428407,20.61704353,sdssg,2023-06-25T08:09:41Z,0.025
2460120.842,60120.34171,17.79346697,0.013405275,20.8171634,sdssr,2023-06-25T08:12:03Z,0.025
2460120.843,60120.34334,17.67673397,0.020170551,20.25682535,sdssi,2023-06-25T08:14:24Z,0.025
2460120.854,60120.35359,18.21493166,0.061039526,19.59278956,ZTF_g,2023-06-25T08:29:10Z,0.025
2460120.854,60120.35359,18.21489948,0.061039999,19.59274897,ZTF_g,2023-06-25T08:29:10Z,0.025
2460120.908,60120.40786,17.84674663,0.050630324,19.42760566,ZTF_r,2023-06-25T09:47:19Z,0.025
2460120.908,60120.40786,17.84670066,0.050629999,19.42756665,ZTF_r,2023-06-25T09:47:19Z,0.025
2460121.854,60121.35426,17.79990035,0.050246,19.3890324,ZTF_i,2023-06-26T08:30:08Z,0.025
2460121.854,60121.35426,17.79988303,0.050246023,19.38901459,ZTF_i,2023-06-26T08:30:08Z,0.025
2460122.849,60122.34909,17.98543766,0.052341375,19.53021062,ZTF_r,2023-06-27T08:22:40Z,0.025
2460122.849,60122.34909,17.98539949,0.052340999,19.53018025,ZTF_r,2023-06-27T08:22:40Z,0.025
2460122.928,60122.42769,18.37102722,0.062281031,19.72702352,ZTF_g,2023-06-27T10:15:52Z,0.025
2460122.928,60122.42769,18.37100045,0.062281001,19.72699727,ZTF_g,2023-06-27T10:15:52Z,0.025
2460123.801,60123.30142,18.37143736,0.07763359,19.48819898,ZTF_g,2023-06-28T07:14:02Z,0.025
2460123.801,60123.30142,18.37140101,0.077633999,19.4881569,ZTF_g,2023-06-28T07:14:02Z,0.025
2460123.802,60123.3019,18.37870077,0.069441997,19.61653107,ZTF_g,2023-06-28T07:14:43Z,0.025
2460123.802,60123.3019,18.37869483,0.069441676,19.61653013,ZTF_g,2023-06-28T07:14:43Z,0.025
2460123.837,60123.33705,17.98700623,0.027081716,20.24720157,sdssr,2023-06-28T08:05:20Z,0.025
2460123.864,60123.36412,18.47709983,0.02518064,20.81631872,sdssg,2023-06-28T08:44:20Z,0.025
2460123.867,60123.36679,17.95949473,0.012964917,21.01945613,sdssr,2023-06-28T08:48:10Z,0.025
2460123.869,60123.36946,17.91790004,0.020973291,20.45561936,sdssi,2023-06-28T08:52:01Z,0.025
2460124.717,60124.2166,17.98474713,0.058610571,19.40669303,sdssr,2023-06-29T05:11:53Z,0.025
2460124.738,60124.23844,18.49465243,0.041832001,20.28276661,sdssg,2023-06-29T05:43:21Z,0.025
2460124.74,60124.24008,18.03341641,0.02191255,20.52356988,sdssr,2023-06-29T05:45:42Z,0.025
2460124.742,60124.24172,17.94413029,0.02754209,20.18602386,sdssi,2023-06-29T05:48:04Z,0.025
2460124.888,60124.38764,18.50134506,0.068571381,19.7528736,ZTF_g,2023-06-29T09:18:12Z,0.025
2460124.888,60124.38764,18.50130099,0.068571001,19.75283555,ZTF_g,2023-06-29T09:18:12Z,0.025
2460124.927,60124.4273,18.11760739,0.054332264,19.62184868,ZTF_r,2023-06-29T10:15:18Z,0.025
2460124.927,60124.4273,18.11759965,0.054331999,19.62184623,ZTF_r,2023-06-29T10:15:18Z,0.025
2460125.871,60125.37084,18.48670018,0.082203999,19.5413536,ZTF_g,2023-06-30T08:54:00Z,0.025
2460125.871,60125.37084,18.48665671,0.082204394,19.54130491,ZTF_g,2023-06-30T08:54:00Z,0.025
2460125.871,60125.37132,18.5469056,0.079481624,19.63812456,ZTF_g,2023-06-30T08:54:41Z,0.025
2460126.784,60126.28386,18.16878548,0.046983471,19.83080853,sdssr,2023-07-01T06:48:45Z,0.025
2460126.806,60126.30569,18.56521837,0.037700209,20.46624476,sdssg,2023-07-01T07:20:11Z,0.025
2460126.807,60126.30735,18.09273367,0.026088073,20.39351445,sdssr,2023-07-01T07:22:35Z,0.025
2460126.809,60126.30899,18.05556402,0.027673542,20.29228793,sdssi,2023-07-01T07:24:56Z,0.025
2460128.844,60128.34443,18.35174034,0.082538292,19.40198744,ZTF_r,2023-07-03T08:15:59Z,0.025
2460128.844,60128.34443,18.35169985,0.082538001,19.40195077,ZTF_r,2023-07-03T08:15:59Z,0.025
2460128.954,60128.45366,18.6524297,0.114914127,19.34338193,ZTF_g,2023-07-03T10:53:15Z,0.025
2460128.954,60128.45366,18.6523993,0.114914,19.34335273,ZTF_g,2023-07-03T10:53:15Z,0.025
2460130.762,60130.2619,18.30267462,0.051142409,19.87260746,sdssr,2023-07-05T06:17:08Z,0.025
2460130.784,60130.28379,18.83057181,0.045413965,20.52948405,sdssg,2023-07-05T06:48:39Z,0.025
2460130.785,60130.28542,18.30470629,0.024956715,20.65362354,sdssr,2023-07-05T06:51:00Z,0.025
2460130.787,60130.28706,18.2734208,0.029090943,20.45591208,sdssi,2023-07-05T06:53:22Z,0.025
2460132.744,60132.24373,18.37042821,0.060161445,19.76401835,ZTF_i,2023-07-07T05:50:58Z,0.025
2460132.744,60132.24373,18.37039963,0.060160998,19.76399784,ZTF_i,2023-07-07T05:50:58Z,0.025
2460134.885,60134.38476,18.96820113,0.102123,19.78727801,ZTF_g,2023-07-09T09:14:02Z,0.025
2460134.885,60134.38476,18.9681856,0.102123089,19.78726153,ZTF_g,2023-07-09T09:14:02Z,0.025
2460134.931,60134.43091,18.53160092,0.060206,19.92438728,ZTF_r,2023-07-09T10:20:31Z,0.025
2460134.931,60134.43091,18.53158959,0.060205813,19.92437931,ZTF_r,2023-07-09T10:20:31Z,0.025
2460135.72,60135.21956,18.47370762,0.069654331,19.7082231,ZTF_i,2023-07-10T05:16:10Z,0.025
2460135.72,60135.21956,18.47369979,0.069654003,19.70822038,ZTF_i,2023-07-10T05:16:10Z,0.025
2460136.802,60136.30159,18.56311814,0.068754613,19.81174932,ZTF_r,2023-07-11T07:14:16Z,0.025
2460136.802,60136.30159,18.56310089,0.068755001,19.81172595,ZTF_r,2023-07-11T07:14:16Z,0.025
2460136.95,60136.45007,19.07410067,0.111548997,19.79732228,ZTF_g,2023-07-11T10:48:05Z,0.025
2460136.95,60136.45007,19.07405118,0.11154893,19.79727344,ZTF_g,2023-07-11T10:48:05Z,0.025
2460138.768,60138.26822,18.58912124,0.066716343,19.87042645,ZTF_i,2023-07-13T06:26:14Z,0.025
2460138.768,60138.26822,18.58910034,0.066716,19.87041112,ZTF_i,2023-07-13T06:26:14Z,0.025
2460138.804,60138.30364,18.70893005,0.053080995,20.2384682,sdssr,2023-07-13T07:17:14Z,0.025
2460138.825,60138.32549,19.15446588,0.035971902,21.10644317,sdssg,2023-07-13T07:48:42Z,0.025
2460138.827,60138.32713,18.53909068,0.021259967,21.06207001,sdssr,2023-07-13T07:51:03Z,0.025
2460138.829,60138.32877,18.55375043,0.030435516,20.68718454,sdssi,2023-07-13T07:53:25Z,0.025
2460138.864,60138.36437,18.63480045,0.077215001,19.75743203,ZTF_r,2023-07-13T08:44:41Z,0.025
2460138.864,60138.36437,18.63479091,0.077215284,19.75741852,ZTF_r,2023-07-13T08:44:41Z,0.025
2460138.891,60138.3908,19.05334131,0.111924894,19.77291037,ZTF_g,2023-07-13T09:22:44Z,0.025
2460138.891,60138.3908,19.05330105,0.111924998,19.7728691,ZTF_g,2023-07-13T09:22:44Z,0.025
2460140.786,60140.28588,19.22850053,0.093281001,20.14590333,ZTF_g,2023-07-15T06:51:39Z,0.025
2460140.786,60140.28588,19.228491,0.093280897,20.14589501,ZTF_g,2023-07-15T06:51:39Z,0.025
2460140.865,60140.36469,19.23734501,0.122557588,19.85838028,ZTF_g,2023-07-15T08:45:09Z,0.025
2460140.865,60140.36469,19.23730116,0.122557998,19.8583328,ZTF_g,2023-07-15T08:45:09Z,0.025
2460141.707,60141.20681,18.65859999,0.104402997,19.45370337,ZTF_i,2023-07-16T04:57:48Z,0.025
2460141.707,60141.20681,18.65855649,0.10440319,19.45365785,ZTF_i,2023-07-16T04:57:48Z,0.025
2460143.87,60143.37023,18.7915994,0.076934002,19.91818938,ZTF_r,2023-07-18T08:53:08Z,0.025
2460143.87,60143.37023,18.79158036,0.07693398,19.91817065,ZTF_r,2023-07-18T08:53:08Z,0.025
2460143.929,60143.42872,19.33960003,0.137629002,19.83471091,ZTF_g,2023-07-18T10:17:21Z,0.025
2460143.929,60143.42872,19.33960003,0.13762939,19.83470785,ZTF_g,2023-07-18T10:17:21Z,0.025
2460144.745,60144.2449,18.75780719,0.095032394,19.65501381,ZTF_i,2023-07-19T05:52:38Z,0.025
2460144.745,60144.2449,18.75779942,0.095031999,19.65501055,ZTF_i,2023-07-19T05:52:38Z,0.025
2460145.785,60145.28462,18.81810618,0.083198152,19.85970777,ZTF_r,2023-07-20T06:49:51Z,0.025
2460145.785,60145.28462,18.81810027,0.083198003,19.8597038,ZTF_r,2023-07-20T06:49:51Z,0.025
2460145.825,60145.32469,19.46600001,0.130608007,20.01796129,ZTF_g,2023-07-20T07:47:33Z,0.025
2460145.825,60145.32469,19.46598453,0.130608052,20.01794543,ZTF_g,2023-07-20T07:47:33Z,0.025
2460146.761,60146.2611,18.80249816,0.068697339,20.05203416,sdssr,2023-07-21T06:15:59Z,0.025
2460146.788,60146.28814,19.42423493,0.047322338,21.07845524,sdssg,2023-07-21T06:54:55Z,0.025
2460146.793,60146.29348,18.69496655,0.030897435,20.81204628,sdssi,2023-07-21T07:02:36Z,0.025
2460147.729,60147.22904,18.78953408,0.121904381,19.41637159,ZTF_i,2023-07-22T05:29:49Z,0.025
2460147.729,60147.22904,18.78949951,0.121904001,19.4163404,ZTF_i,2023-07-22T05:29:49Z,0.025
2460147.765,60147.26523,18.77373526,0.061191773,20.14888846,sdssr,2023-07-22T06:21:55Z,0.025
2460147.782,60147.28178,18.84750557,0.075862907,19.98931766,ZTF_r,2023-07-22T06:45:45Z,0.025
2460147.782,60147.28178,18.8475002,0.075862996,19.98931101,ZTF_r,2023-07-22T06:45:45Z,0.025
2460147.792,60147.29236,19.46492394,0.036854956,21.39056998,sdssg,2023-07-22T07:01:00Z,0.025
2460147.795,60147.29506,18.8483049,0.027909791,21.07579924,sdssr,2023-07-22T07:04:53Z,0.025
2460147.798,60147.29773,18.72217674,0.033552048,20.74976494,sdssi,2023-07-22T07:08:43Z,0.025
2460147.824,60147.32413,19.40239953,0.117853001,20.06593371,ZTF_g,2023-07-22T07:46:44Z,0.025
2460147.824,60147.32413,19.40236137,0.117853053,20.06589507,ZTF_g,2023-07-22T07:46:44Z,0.025
2460149.847,60149.34692,19.53302995,0.10921783,20.27918188,ZTF_g,2023-07-24T08:19:34Z,0.025
2460149.847,60149.34692,19.53300131,0.109218001,20.27915154,ZTF_g,2023-07-24T08:19:34Z,0.025
2460149.891,60149.39091,18.93740106,0.069146,20.1798692,ZTF_r,2023-07-24T09:22:55Z,0.025
2460149.891,60149.39091,18.93737448,0.069145516,20.17985022,ZTF_r,2023-07-24T09:22:55Z,0.025
2460150.828,60150.32813,18.81649982,0.078772001,19.91745592,ZTF_i,2023-07-25T07:52:30Z,0.025
2460150.828,60150.32813,18.81645994,0.0787725,19.91740915,ZTF_i,2023-07-25T07:52:30Z,0.025
2460151.883,60151.38341,18.88760042,0.077954002,19.99989017,ZTF_r,2023-07-26T09:12:07Z,0.025
2460151.883,60151.38341,18.88755456,0.077954084,19.99984317,ZTF_r,2023-07-26T09:12:07Z,0.025
2460153.767,60153.26675,18.90980761,0.096129067,19.79455657,ZTF_r,2023-07-28T06:24:07Z,0.025
2460153.767,60153.26675,18.90979992,0.096129,19.79454964,ZTF_r,2023-07-28T06:24:07Z,0.025
2460153.799,60153.29932,19.41980017,0.117968,20.08227542,ZTF_g,2023-07-28T07:11:00Z,0.025
2460153.799,60153.29932,19.41977337,0.117968015,20.08224847,ZTF_g,2023-07-28T07:11:00Z,0.025
2460155.765,60155.26483,18.75692391,0.061796269,20.12140406,sdssr,2023-07-30T06:21:21Z,0.025
2460155.765,60155.26483,18.75692391,0.066205187,20.04657966,sdssr,2023-07-30T06:21:21Z,0.025
2460155.792,60155.29216,19.5163895,0.057779518,20.95384051,sdssg,2023-07-30T07:00:42Z,0.025
2460155.792,60155.29216,19.5163895,0.059143577,20.92850632,sdssg,2023-07-30T07:00:42Z,0.025
2460155.795,60155.29483,18.87942414,0.027716308,21.11447147,sdssr,2023-07-30T07:04:32Z,0.025
2460155.795,60155.29483,18.87942414,0.028746955,21.07483033,sdssr,2023-07-30T07:04:32Z,0.025
2460155.797,60155.29749,18.71903799,0.03138466,20.8191302,sdssi,2023-07-30T07:08:23Z,0.025
2460155.797,60155.29749,18.71903799,0.031951622,20.7996915,sdssi,2023-07-30T07:08:23Z,0.025
2460155.822,60155.3222,18.91920132,0.104616001,19.71209181,ZTF_r,2023-07-30T07:43:58Z,0.025
2460155.822,60155.3222,18.91918791,0.104615651,19.71208204,ZTF_r,2023-07-30T07:43:58Z,0.025
2460155.891,60155.39091,18.81523925,0.111579284,19.53816611,ZTF_i,2023-07-30T09:22:55Z,0.025
2460155.891,60155.39091,18.81520109,0.111579001,19.53813071,ZTF_i,2023-07-30T09:22:55Z,0.025
2460155.926,60155.4261,19.57352474,0.151429668,19.9648831,ZTF_g,2023-07-30T10:13:34Z,0.025
2460155.926,60155.4261,19.57350001,0.151429996,19.96485603,ZTF_g,2023-07-30T10:13:34Z,0.025
2460158.925,60158.42539,19.02380034,0.156709,19.37795128,ZTF_r,2023-08-02T10:12:33Z,0.025
2460158.925,60158.42539,19.02376784,0.156709373,19.3779162,ZTF_r,2023-08-02T10:12:33Z,0.025
2460159.744,60159.24359,18.91710117,0.125559002,19.51186732,ZTF_r,2023-08-03T05:50:46Z,0.025
2460159.744,60159.24359,18.91706692,0.125559285,19.51183062,ZTF_r,2023-08-03T05:50:46Z,0.025
2460159.839,60159.33877,19.6392004,0.249798,19.4871138,ZTF_g,2023-08-03T08:07:49Z,0.025
2460161.866,60161.36638,19.14209975,0.119139999,19.79384155,ZTF_r,2023-08-05T08:47:34Z,0.025
2460161.866,60161.36638,19.14209768,0.119140439,19.79383548,ZTF_r,2023-08-05T08:47:34Z,0.025
2460161.898,60161.39779,19.87179979,0.239041999,19.76750005,ZTF_g,2023-08-05T09:32:49Z,0.025
2460165.723,60165.22296,19.30684487,0.090955071,20.25166337,ZTF_r,2023-08-09T05:21:04Z,0.025
2460165.723,60165.22296,19.30680113,0.090954997,20.25162052,ZTF_r,2023-08-09T05:21:04Z,0.025
2460168.795,60168.29481,19.42516106,0.074651396,20.58445201,sdssr,2023-08-12T07:04:31Z,0.025
2460168.822,60168.32192,19.95708954,0.039582559,21.80521565,sdssg,2023-08-12T07:43:34Z,0.025
2460168.825,60168.32461,19.4028842,0.025675887,21.72095635,sdssr,2023-08-12T07:47:26Z,0.025
2460168.827,60168.3273,19.35086115,0.042985427,21.10944383,sdssi,2023-08-12T07:51:18Z,0.025
2460169.801,60169.30084,19.47580947,0.106966227,20.24457856,ZTF_r,2023-08-13T07:13:12Z,0.025
2460169.801,60169.30084,19.47579997,0.106965996,20.2445714,ZTF_r,2023-08-13T07:13:12Z,0.025
2460169.846,60169.34568,20.12319969,0.229056999,20.06522656,ZTF_g,2023-08-13T08:17:47Z,0.025
2460170.762,60170.26184,19.44414541,0.145785436,19.87674585,ZTF_i,2023-08-14T06:17:03Z,0.025
2460170.762,60170.26184,19.44409981,0.145785004,19.87670347,ZTF_i,2023-08-14T06:17:03Z,0.025
2460171.761,60171.261,19.62190078,0.114753,20.31437645,ZTF_r,2023-08-15T06:15:50Z,0.025
2460171.83,60171.32984,20.02771037,0.166629344,20.31521745,ZTF_g,2023-08-15T07:54:58Z,0.025
2460171.83,60171.32984,20.02770078,0.166629001,20.31521009,ZTF_g,2023-08-15T07:54:58Z,0.025
2460173.718,60173.2178,20.24550092,0.207125738,20.29680154,ZTF_g,2023-08-17T05:13:37Z,0.025
2460173.718,60173.2178,20.24550092,0.207126006,20.29680013,ZTF_g,2023-08-17T05:13:37Z,0.025
2460173.786,60173.28627,19.6233581,0.159367859,19.95924204,ZTF_i,2023-08-17T06:52:13Z,0.025
2460178.758,60178.25836,19.80822611,0.112135597,20.52575316,ZTF_r,2023-08-22T06:12:02Z,0.025
2460178.758,60178.25836,19.80820107,0.112135999,20.52572421,ZTF_r,2023-08-22T06:12:02Z,0.025
2460182.712,60182.21158,20.53319076,0.076547599,21.66524762,sdssg,2023-08-26T05:04:40Z,0.025
2460182.715,60182.21495,19.82783158,0.04217955,21.6069625,sdssr,2023-08-26T05:09:31Z,0.025
2460182.718,60182.21833,19.71503346,0.055529496,21.19560992,sdssi,2023-08-26T05:14:23Z,0.025
2460182.795,60182.2947,19.94974358,0.213911116,19.96604598,ZTF_r,2023-08-26T07:04:22Z,0.025
2460182.795,60182.2947,19.9496998,0.213910997,19.96600281,ZTF_r,2023-08-26T07:04:22Z,0.025
2460186.745,60186.2449,20.02249938,0.229874998,19.96065582,ZTF_r,2023-08-30T05:52:38Z,0.025
2460191.658,60191.15772,20.07930022,0.229179993,20.02074425,ZTF_r,2023-09-04T03:47:06Z,0.025
2460191.702,60191.2015,20.5434002,0.284635991,20.24956146,ZTF_g,2023-09-04T04:50:09Z,0.025
2460193.806,60193.30627,20.04789966,0.255791992,19.87006809,ZTF_r,2023-09-06T07:21:01Z,0.025
2460195.72,60195.21972,20.27601288,0.187129423,20.43754348,ZTF_r,2023-09-08T05:16:23Z,0.025
2460195.72,60195.21972,20.27599942,0.187129006,20.43753244,ZTF_r,2023-09-08T05:16:23Z,0.025
2460196.634,60196.13394,20.99096196,0.112336034,21.70655003,sdssg,2023-09-09T03:12:52Z,0.025
2460196.637,60196.13662,20.04417208,0.047949709,21.68409294,sdssr,2023-09-09T03:16:43Z,0.025
2460196.639,60196.13929,20.20135556,0.079779589,21.28851186,sdssi,2023-09-09T03:20:34Z,0.025
2460200.788,60200.28782,20.90675699,0.097195962,21.77952222,sdssg,2023-09-13T06:54:27Z,0.025
2460200.792,60200.29189,20.28036174,0.066122865,21.57136838,sdssr,2023-09-13T07:00:18Z,0.025
2460200.796,60200.29594,20.23710269,0.091859994,21.17117244,sdssi,2023-09-13T07:06:09Z,0.025
2460201.665,60201.16451,20.45380036,0.202559993,20.52930197,ZTF_r,2023-09-14T03:56:54Z,0.025
2460201.665,60201.16451,20.45375272,0.202559799,20.52925536,ZTF_r,2023-09-14T03:56:54Z,0.025
2460203.701,60203.20053,20.36890077,0.211824,20.39584865,ZTF_r,2023-09-16T04:48:45Z,0.025
2460203.701,60203.20053,20.36887001,0.211823747,20.39581918,ZTF_r,2023-09-16T04:48:45Z,0.025
2460205.658,60205.15777,20.99650038,0.305186003,20.62697463,ZTF_g,2023-09-18T03:47:10Z,0.025
2460205.682,60205.18177,20.25562121,0.149066672,20.66405561,ZTF_r,2023-09-18T04:21:44Z,0.025
2460205.682,60205.18177,20.25560035,0.149067,20.66403236,ZTF_r,2023-09-18T04:21:44Z,0.025
2460211.673,60211.17297,20.32789844,0.213540584,20.34608316,ZTF_r,2023-09-24T04:09:04Z,0.025
2460212.759,60212.25927,20.39159311,0.100542003,21.22761007,sdssr,2023-09-25T06:13:21Z,0.025
2460212.762,60212.26194,20.20303103,0.096744727,21.08084856,sdssi,2023-09-25T06:17:11Z,0.025
2460220.61,60220.11027,21.35977075,0.296706369,21.02083937,sdssg,2023-10-03T02:38:47Z,0.025
2460220.613,60220.11295,20.42652588,0.073070418,21.60905769,sdssr,2023-10-03T02:42:38Z,0.025
2460220.616,60220.11563,20.32593334,0.085500814,21.3378935,sdssi,2023-10-03T02:46:30Z,0.025
2460231.636,60231.13596,21.14317646,0.305415203,20.1911,ZTF_r,2023-10-14T03:15:46Z,0.025
2460231.676,60231.17638,20.95948258,0.292285402,20.1016,ZTF_g,2023-10-14T04:13:58Z,0.025
2460232.702,60232.20153,20.3323947,0.351507974,19.2881,ZTF_i,2023-10-15T04:50:12Z,0.025
2460233.66,60233.15961,21.24507769,0.357057344,20.242,ZTF_r,2023-10-16T03:49:50Z,0.025
2460235.62,60235.12021,21.000978,0.241492669,20.4176,ZTF_r,2023-10-18T02:53:05Z,0.025
2460235.641,60235.14063,21.07839128,0.164617037,21.37909012,sdssr,2023-10-18T03:22:30Z,0.025
2460237.659,60237.15918,20.86448413,0.229777924,20.181,ZTF_r,2023-10-20T03:49:12Z,0.025
2460239.637,60239.13668,21.21708234,0.323763529,20.1616,ZTF_r,2023-10-22T03:16:48Z,0.025
2460250.617,60250.11667,21.11387104,0.332300807,20.1868,ZTF_r,2023-11-02T02:48:00Z,0.025
2460251.33,60250.8303,21.31763754,0.277254823,21.91431524,sdssi,2023-11-02T19:55:38Z,0.025
2460259.326,60258.82596,21.98784874,0.376831338,22.21278686,sdssg,2023-11-10T19:49:22Z,0.025
2460259.328,60258.82808,22.05778313,0.458011859,22.04862855,sdssi,2023-11-10T19:52:25Z,0.025
